/*******************************************************************************
 * Size: 24 px
 * Bpp: 4
 * Opts: --font /w/tools/fonts/Montserrat-Bold.ttf --size 24 --range 0x20-0x7E --range 0xA0-0xFF --range 0x2013,0x2014,0x2022,0x2026,0x2192,0x2212 --format lvgl --bpp 4 --no-compress --lv-include lvgl.h --lv-font-name font_b24 --lv-fallback lv_font_montserrat_24 -o /w/firmware/src/fonts/font_b24.c --force-fast-kern-format
 ******************************************************************************/

#ifdef LV_LVGL_H_INCLUDE_SIMPLE
#include "lvgl.h"
#else
#include "lvgl.h"
#endif

#ifndef FONT_B24
#define FONT_B24 1
#endif

#if FONT_B24

/*-----------------
 *    BITMAPS
 *----------------*/

/*Store the image of the glyphs*/
static LV_ATTRIBUTE_LARGE_CONST const uint8_t glyph_bitmap[] = {
    /* U+0020 " " */

    /* U+0021 "!" */
    0xbf, 0xff, 0xaa, 0xff, 0xf9, 0x9f, 0xff, 0x88,
    0xff, 0xf7, 0x7f, 0xff, 0x66, 0xff, 0xf5, 0x5f,
    0xff, 0x43, 0xff, 0xf3, 0x2f, 0xff, 0x21, 0xff,
    0xf1, 0xe, 0xed, 0x0, 0x0, 0x0, 0x1, 0x31,
    0x4, 0xff, 0xf4, 0xcf, 0xff, 0xba, 0xff, 0xf9,
    0x1c, 0xfb, 0x10,

    /* U+0022 "\"" */
    0xdf, 0xf5, 0xd, 0xff, 0x4c, 0xff, 0x50, 0xdf,
    0xf4, 0xbf, 0xf4, 0xc, 0xff, 0x3b, 0xff, 0x30,
    0xcf, 0xf2, 0xaf, 0xf3, 0xb, 0xff, 0x2a, 0xff,
    0x20, 0xaf, 0xf1, 0x7c, 0xc1, 0x7, 0xcc, 0x0,

    /* U+0023 "#" */
    0x0, 0x0, 0xd, 0xfd, 0x0, 0x9, 0xff, 0x10,
    0x0, 0x0, 0x0, 0xff, 0xb0, 0x0, 0xbf, 0xf0,
    0x0, 0x0, 0x0, 0x1f, 0xf9, 0x0, 0xd, 0xfd,
    0x0, 0x0, 0x0, 0x3, 0xff, 0x70, 0x0, 0xff,
    0xb0, 0x0, 0xb, 0xff, 0xff, 0xff, 0xff, 0xff,
    0xff, 0xff, 0xc0, 0xbf, 0xff, 0xff, 0xff, 0xff,
    0xff, 0xff, 0xfc, 0x6, 0x99, 0xdf, 0xfa, 0x99,
    0xcf, 0xfb, 0x99, 0x70, 0x0, 0xb, 0xff, 0x0,
    0x7, 0xff, 0x30, 0x0, 0x0, 0x0, 0xdf, 0xe0,
    0x0, 0x9f, 0xf1, 0x0, 0x0, 0x0, 0xf, 0xfc,
    0x0, 0xb, 0xff, 0x0, 0x0, 0x49, 0x99, 0xff,
    0xd9, 0x99, 0xef, 0xf9, 0x99, 0x8, 0xff, 0xff,
    0xff, 0xff, 0xff, 0xff, 0xff, 0xf0, 0x8f, 0xff,
    0xff, 0xff, 0xff, 0xff, 0xff, 0xff, 0x0, 0x0,
    0x7f, 0xf3, 0x0, 0x3f, 0xf7, 0x0, 0x0, 0x0,
    0x8, 0xff, 0x20, 0x5, 0xff, 0x50, 0x0, 0x0,
    0x0, 0xaf, 0xf0, 0x0, 0x7f, 0xf4, 0x0, 0x0,
    0x0, 0xc, 0xfe, 0x0, 0x9, 0xff, 0x20, 0x0,
    0x0,

    /* U+0024 "$" */
    0x0, 0x0, 0x0, 0x6f, 0xf0, 0x0, 0x0, 0x0,
    0x0, 0x0, 0x6, 0xff, 0x0, 0x0, 0x0, 0x0,
    0x0, 0x0, 0x6f, 0xf0, 0x0, 0x0, 0x0, 0x0,
    0x18, 0xcf, 0xff, 0xfd, 0xa4, 0x0, 0x0, 0x5f,
    0xff, 0xff, 0xff, 0xff, 0xfb, 0x0, 0x3f, 0xff,
    0xff, 0xff, 0xff, 0xff, 0x70, 0xa, 0xff, 0xfa,
    0x8f, 0xf2, 0x6c, 0xf1, 0x0, 0xef, 0xff, 0x6,
    0xff, 0x0, 0x1, 0x0, 0xf, 0xff, 0xf2, 0x6f,
    0xf0, 0x0, 0x0, 0x0, 0xcf, 0xff, 0xfc, 0xff,
    0x0, 0x0, 0x0, 0x4, 0xff, 0xff, 0xff, 0xfc,
    0x72, 0x0, 0x0, 0x4, 0xdf, 0xff, 0xff, 0xff,
    0xfa, 0x10, 0x0, 0x0, 0x5a, 0xef, 0xff, 0xff,
    0xfd, 0x0, 0x0, 0x0, 0x6, 0xff, 0xcf, 0xff,
    0xf6, 0x0, 0x0, 0x0, 0x6f, 0xf0, 0x8f, 0xff,
    0x90, 0x26, 0x0, 0x6, 0xff, 0x4, 0xff, 0xf9,
    0x9, 0xfe, 0x84, 0x7f, 0xf5, 0xdf, 0xff, 0x51,
    0xff, 0xff, 0xff, 0xff, 0xff, 0xff, 0xc0, 0x1a,
    0xff, 0xff, 0xff, 0xff, 0xff, 0xc1, 0x0, 0x2,
    0x8c, 0xef, 0xff, 0xda, 0x40, 0x0, 0x0, 0x0,
    0x0, 0x6f, 0xf0, 0x0, 0x0, 0x0, 0x0, 0x0,
    0x6, 0xff, 0x0, 0x0, 0x0, 0x0, 0x0, 0x0,
    0x26, 0x60, 0x0, 0x0, 0x0,

    /* U+0025 "%" */
    0x0, 0x5c, 0xfe, 0xa1, 0x0, 0x0, 0x0, 0x8f,
    0xf5, 0x0, 0x0, 0x6f, 0xff, 0xff, 0xe1, 0x0,
    0x0, 0x3f, 0xfa, 0x0, 0x0, 0xf, 0xfa, 0x2,
    0xef, 0x90, 0x0, 0xd, 0xfe, 0x10, 0x0, 0x4,
    0xff, 0x30, 0x8, 0xfd, 0x0, 0x8, 0xff, 0x50,
    0x0, 0x0, 0x5f, 0xf1, 0x0, 0x7f, 0xf0, 0x3,
    0xff, 0xa0, 0x0, 0x0, 0x4, 0xff, 0x30, 0x8,
    0xfd, 0x0, 0xdf, 0xe1, 0x0, 0x0, 0x0, 0xf,
    0xfa, 0x2, 0xef, 0x90, 0x8f, 0xf4, 0x0, 0x0,
    0x0, 0x0, 0x6f, 0xff, 0xff, 0xe1, 0x3f, 0xfa,
    0x0, 0x0, 0x0, 0x0, 0x0, 0x5c, 0xfe, 0xa1,
    0xd, 0xfe, 0x11, 0xae, 0xfc, 0x50, 0x0, 0x0,
    0x0, 0x0, 0x9, 0xff, 0x41, 0xef, 0xff, 0xff,
    0x60, 0x0, 0x0, 0x0, 0x4, 0xff, 0x90, 0x8f,
    0xf3, 0xa, 0xff, 0x10, 0x0, 0x0, 0x0, 0xef,
    0xe0, 0xd, 0xf9, 0x0, 0x2f, 0xf4, 0x0, 0x0,
    0x0, 0x9f, 0xf4, 0x0, 0xef, 0x70, 0x0, 0xff,
    0x60, 0x0, 0x0, 0x4f, 0xf9, 0x0, 0xd, 0xf9,
    0x0, 0x2f, 0xf4, 0x0, 0x0, 0x1e, 0xfd, 0x0,
    0x0, 0x8f, 0xf3, 0xa, 0xff, 0x10, 0x0, 0xa,
    0xff, 0x30, 0x0, 0x1, 0xef, 0xff, 0xff, 0x70,
    0x0, 0x4, 0xff, 0x80, 0x0, 0x0, 0x1, 0xae,
    0xfc, 0x50, 0x0,

    /* U+0026 "&" */
    0x0, 0x0, 0x18, 0xdf, 0xfd, 0x81, 0x0, 0x0,
    0x0, 0x0, 0x2e, 0xff, 0xff, 0xff, 0xe1, 0x0,
    0x0, 0x0, 0xc, 0xff, 0xfa, 0x9f, 0xff, 0xa0,
    0x0, 0x0, 0x1, 0xff, 0xf6, 0x0, 0x6f, 0xfd,
    0x0, 0x0, 0x0, 0x1f, 0xff, 0x50, 0x7, 0xff,
    0xc0, 0x0, 0x0, 0x0, 0xdf, 0xfd, 0x16, 0xff,
    0xf6, 0x0, 0x0, 0x0, 0x5, 0xff, 0xff, 0xff,
    0xf9, 0x0, 0x0, 0x0, 0x0, 0xb, 0xff, 0xff,
    0xf6, 0x0, 0x0, 0x0, 0x0, 0x1c, 0xff, 0xff,
    0xfe, 0x30, 0x6, 0x72, 0x0, 0x1e, 0xff, 0xf9,
    0xff, 0xff, 0x40, 0xdf, 0xf5, 0xa, 0xff, 0xf3,
    0x4, 0xff, 0xff, 0x9f, 0xff, 0x10, 0xff, 0xfa,
    0x0, 0x3, 0xef, 0xff, 0xff, 0xb0, 0x1f, 0xff,
    0xa0, 0x0, 0x2, 0xdf, 0xff, 0xf3, 0x0, 0xff,
    0xff, 0x60, 0x0, 0x4c, 0xff, 0xff, 0xa0, 0x7,
    0xff, 0xff, 0xfe, 0xff, 0xff, 0xff, 0xff, 0xa0,
    0x8, 0xff, 0xff, 0xff, 0xff, 0xf6, 0xaf, 0xf3,
    0x0, 0x2, 0x9d, 0xff, 0xeb, 0x71, 0x0, 0x95,
    0x0,

    /* U+0027 "'" */
    0xdf, 0xf5, 0xcf, 0xf5, 0xbf, 0xf4, 0xbf, 0xf3,
    0xaf, 0xf3, 0xaf, 0xf2, 0x7c, 0xc1,

    /* U+0028 "(" */
    0x0, 0x1, 0x44, 0x41, 0x0, 0xa, 0xff, 0xe0,
    0x0, 0x3f, 0xff, 0x70, 0x0, 0xaf, 0xff, 0x0,
    0x1, 0xff, 0xfa, 0x0, 0x6, 0xff, 0xf5, 0x0,
    0x9, 0xff, 0xf0, 0x0, 0xd, 0xff, 0xd0, 0x0,
    0xf, 0xff, 0xa0, 0x0, 0x1f, 0xff, 0x80, 0x0,
    0x2f, 0xff, 0x80, 0x0, 0x3f, 0xff, 0x70, 0x0,
    0x3f, 0xff, 0x70, 0x0, 0x2f, 0xff, 0x80, 0x0,
    0x1f, 0xff, 0x90, 0x0, 0xf, 0xff, 0xb0, 0x0,
    0xc, 0xff, 0xe0, 0x0, 0x9, 0xff, 0xf1, 0x0,
    0x4, 0xff, 0xf6, 0x0, 0x0, 0xef, 0xfb, 0x0,
    0x0, 0x9f, 0xff, 0x10, 0x0, 0x1f, 0xff, 0x90,
    0x0, 0x8, 0xff, 0xf1,

    /* U+0029 ")" */
    0x24, 0x43, 0x0, 0x6, 0xff, 0xf3, 0x0, 0xe,
    0xff, 0xc0, 0x0, 0x6f, 0xff, 0x40, 0x1, 0xff,
    0xf9, 0x0, 0xc, 0xff, 0xf0, 0x0, 0x7f, 0xff,
    0x30, 0x4, 0xff, 0xf6, 0x0, 0x1f, 0xff, 0x90,
    0x0, 0xff, 0xfb, 0x0, 0xe, 0xff, 0xc0, 0x0,
    0xdf, 0xfd, 0x0, 0xd, 0xff, 0xc0, 0x0, 0xef,
    0xfb, 0x0, 0xf, 0xff, 0xa0, 0x2, 0xff, 0xf8,
    0x0, 0x5f, 0xff, 0x50, 0x8, 0xff, 0xf2, 0x0,
    0xdf, 0xfe, 0x0, 0x2f, 0xff, 0x80, 0x8, 0xff,
    0xf2, 0x1, 0xff, 0xfa, 0x0, 0x8f, 0xff, 0x10,
    0x0,

    /* U+002A "*" */
    0x0, 0x0, 0x56, 0x20, 0x0, 0x0, 0x0, 0xe,
    0xf5, 0x0, 0x0, 0xc, 0x70, 0xef, 0x43, 0xc4,
    0x7, 0xff, 0xdf, 0xfc, 0xff, 0xd0, 0x18, 0xff,
    0xff, 0xff, 0xc3, 0x0, 0x9, 0xff, 0xff, 0xd2,
    0x0, 0x4e, 0xff, 0xff, 0xff, 0xf9, 0x3, 0xff,
    0x7e, 0xf8, 0xcf, 0xa0, 0x6, 0x10, 0xef, 0x40,
    0x61, 0x0, 0x0, 0xe, 0xf5, 0x0, 0x0,

    /* U+002B "+" */
    0x0, 0x0, 0x5f, 0xfb, 0x0, 0x0, 0x0, 0x0,
    0x5f, 0xfb, 0x0, 0x0, 0x0, 0x0, 0x5f, 0xfb,
    0x0, 0x0, 0x0, 0x0, 0x5f, 0xfb, 0x0, 0x0,
    0x8f, 0xff, 0xff, 0xff, 0xff, 0xfe, 0x8f, 0xff,
    0xff, 0xff, 0xff, 0xfe, 0x7e, 0xee, 0xff, 0xff,
    0xee, 0xed, 0x0, 0x0, 0x5f, 0xfb, 0x0, 0x0,
    0x0, 0x0, 0x5f, 0xfb, 0x0, 0x0, 0x0, 0x0,
    0x5f, 0xfb, 0x0, 0x0, 0x0, 0x0, 0x5f, 0xfb,
    0x0, 0x0,

    /* U+002C "," */
    0x0, 0x0, 0x0, 0x6, 0xff, 0xa0, 0xf, 0xff,
    0xf5, 0x1f, 0xff, 0xf6, 0xa, 0xff, 0xf3, 0x0,
    0xff, 0xd0, 0x3, 0xff, 0x70, 0x8, 0xff, 0x10,
    0xc, 0xfa, 0x0,

    /* U+002D "-" */
    0xbf, 0xff, 0xff, 0xf0, 0xcf, 0xff, 0xff, 0xf0,
    0xcf, 0xff, 0xff, 0xf0,

    /* U+002E "." */
    0x1, 0x78, 0x20, 0xd, 0xff, 0xf2, 0x2f, 0xff,
    0xf6, 0xf, 0xff, 0xf4, 0x4, 0xde, 0x80,

    /* U+002F "/" */
    0x0, 0x0, 0x0, 0x0, 0x78, 0x83, 0x0, 0x0,
    0x0, 0x3, 0xff, 0xf1, 0x0, 0x0, 0x0, 0x9,
    0xff, 0xc0, 0x0, 0x0, 0x0, 0xe, 0xff, 0x60,
    0x0, 0x0, 0x0, 0x4f, 0xff, 0x10, 0x0, 0x0,
    0x0, 0xaf, 0xfb, 0x0, 0x0, 0x0, 0x0, 0xff,
    0xf5, 0x0, 0x0, 0x0, 0x5, 0xff, 0xf0, 0x0,
    0x0, 0x0, 0xb, 0xff, 0xa0, 0x0, 0x0, 0x0,
    0x1f, 0xff, 0x40, 0x0, 0x0, 0x0, 0x6f, 0xfe,
    0x0, 0x0, 0x0, 0x0, 0xcf, 0xf9, 0x0, 0x0,
    0x0, 0x1, 0xff, 0xf3, 0x0, 0x0, 0x0, 0x7,
    0xff, 0xe0, 0x0, 0x0, 0x0, 0xc, 0xff, 0x80,
    0x0, 0x0, 0x0, 0x2f, 0xff, 0x20, 0x0, 0x0,
    0x0, 0x8f, 0xfd, 0x0, 0x0, 0x0, 0x0, 0xdf,
    0xf7, 0x0, 0x0, 0x0, 0x3, 0xff, 0xf2, 0x0,
    0x0, 0x0, 0x9, 0xff, 0xc0, 0x0, 0x0, 0x0,
    0xe, 0xff, 0x60, 0x0, 0x0, 0x0, 0x4f, 0xff,
    0x10, 0x0, 0x0, 0x0, 0x9f, 0xfb, 0x0, 0x0,
    0x0, 0x0,

    /* U+0030 "0" */
    0x0, 0x0, 0x17, 0xce, 0xfd, 0x92, 0x0, 0x0,
    0x0, 0x3, 0xef, 0xff, 0xff, 0xff, 0x70, 0x0,
    0x0, 0x3f, 0xff, 0xff, 0xff, 0xff, 0xf7, 0x0,
    0x0, 0xdf, 0xff, 0xc5, 0x4a, 0xff, 0xff, 0x20,
    0x5, 0xff, 0xfc, 0x0, 0x0, 0x8f, 0xff, 0x90,
    0xa, 0xff, 0xf4, 0x0, 0x0, 0xf, 0xff, 0xe0,
    0xd, 0xff, 0xf0, 0x0, 0x0, 0xc, 0xff, 0xf2,
    0xf, 0xff, 0xe0, 0x0, 0x0, 0xa, 0xff, 0xf3,
    0xf, 0xff, 0xe0, 0x0, 0x0, 0x9, 0xff, 0xf5,
    0xf, 0xff, 0xe0, 0x0, 0x0, 0xa, 0xff, 0xf4,
    0xe, 0xff, 0xf0, 0x0, 0x0, 0xb, 0xff, 0xf2,
    0xa, 0xff, 0xf4, 0x0, 0x0, 0xf, 0xff, 0xe0,
    0x5, 0xff, 0xfc, 0x0, 0x0, 0x8f, 0xff, 0x90,
    0x0, 0xdf, 0xff, 0xc5, 0x49, 0xff, 0xff, 0x20,
    0x0, 0x3f, 0xff, 0xff, 0xff, 0xff, 0xf7, 0x0,
    0x0, 0x3, 0xef, 0xff, 0xff, 0xff, 0x70, 0x0,
    0x0, 0x0, 0x17, 0xce, 0xfd, 0x92, 0x0, 0x0,

    /* U+0031 "1" */
    0xdf, 0xff, 0xff, 0xf6, 0xdf, 0xff, 0xff, 0xf6,
    0xdf, 0xff, 0xff, 0xf6, 0x11, 0x18, 0xff, 0xf6,
    0x0, 0x7, 0xff, 0xf6, 0x0, 0x7, 0xff, 0xf6,
    0x0, 0x7, 0xff, 0xf6, 0x0, 0x7, 0xff, 0xf6,
    0x0, 0x7, 0xff, 0xf6, 0x0, 0x7, 0xff, 0xf6,
    0x0, 0x7, 0xff, 0xf6, 0x0, 0x7, 0xff, 0xf6,
    0x0, 0x7, 0xff, 0xf6, 0x0, 0x7, 0xff, 0xf6,
    0x0, 0x7, 0xff, 0xf6, 0x0, 0x7, 0xff, 0xf6,
    0x0, 0x7, 0xff, 0xf6,

    /* U+0032 "2" */
    0x0, 0x16, 0xbe, 0xfe, 0xc8, 0x10, 0x0, 0x5,
    0xef, 0xff, 0xff, 0xff, 0xf5, 0x0, 0x6f, 0xff,
    0xff, 0xff, 0xff, 0xff, 0x30, 0x6f, 0xff, 0xa5,
    0x46, 0xef, 0xff, 0xa0, 0x1, 0xa4, 0x0, 0x0,
    0x3f, 0xff, 0xd0, 0x0, 0x0, 0x0, 0x0, 0xf,
    0xff, 0xd0, 0x0, 0x0, 0x0, 0x0, 0x4f, 0xff,
    0xb0, 0x0, 0x0, 0x0, 0x0, 0xdf, 0xff, 0x50,
    0x0, 0x0, 0x0, 0xc, 0xff, 0xfb, 0x0, 0x0,
    0x0, 0x1, 0xcf, 0xff, 0xc0, 0x0, 0x0, 0x0,
    0x1d, 0xff, 0xfc, 0x0, 0x0, 0x0, 0x2, 0xef,
    0xff, 0xb0, 0x0, 0x0, 0x0, 0x2e, 0xff, 0xfa,
    0x0, 0x0, 0x0, 0x3, 0xef, 0xff, 0xb2, 0x22,
    0x22, 0x21, 0x1f, 0xff, 0xff, 0xff, 0xff, 0xff,
    0xf7, 0x3f, 0xff, 0xff, 0xff, 0xff, 0xff, 0xf7,
    0x3f, 0xff, 0xff, 0xff, 0xff, 0xff, 0xf7,

    /* U+0033 "3" */
    0x3, 0xff, 0xff, 0xff, 0xff, 0xff, 0xf9, 0x0,
    0x3f, 0xff, 0xff, 0xff, 0xff, 0xff, 0x90, 0x3,
    0xff, 0xff, 0xff, 0xff, 0xff, 0xf7, 0x0, 0x1,
    0x11, 0x11, 0x18, 0xff, 0xfa, 0x0, 0x0, 0x0,
    0x0, 0x4, 0xff, 0xfc, 0x0, 0x0, 0x0, 0x0,
    0x3, 0xff, 0xfd, 0x10, 0x0, 0x0, 0x0, 0x2,
    0xef, 0xff, 0x20, 0x0, 0x0, 0x0, 0x0, 0x7f,
    0xff, 0xff, 0xb2, 0x0, 0x0, 0x0, 0x7, 0xff,
    0xff, 0xff, 0xf3, 0x0, 0x0, 0x0, 0x48, 0x9a,
    0xff, 0xff, 0xd0, 0x0, 0x0, 0x0, 0x0, 0x1,
    0xef, 0xff, 0x30, 0x0, 0x0, 0x0, 0x0, 0x9,
    0xff, 0xf5, 0x0, 0x72, 0x0, 0x0, 0x0, 0xdf,
    0xff, 0x30, 0x2f, 0xfb, 0x74, 0x46, 0xcf, 0xff,
    0xe0, 0xa, 0xff, 0xff, 0xff, 0xff, 0xff, 0xf5,
    0x0, 0x8f, 0xff, 0xff, 0xff, 0xff, 0xf7, 0x0,
    0x0, 0x16, 0xad, 0xff, 0xec, 0x82, 0x0, 0x0,

    /* U+0034 "4" */
    0x0, 0x0, 0x0, 0x0, 0xbf, 0xff, 0x60, 0x0,
    0x0, 0x0, 0x0, 0x0, 0x7f, 0xff, 0xa0, 0x0,
    0x0, 0x0, 0x0, 0x0, 0x3f, 0xff, 0xd0, 0x0,
    0x0, 0x0, 0x0, 0x0, 0x1e, 0xff, 0xf3, 0x0,
    0x0, 0x0, 0x0, 0x0, 0xb, 0xff, 0xf7, 0x0,
    0x0, 0x0, 0x0, 0x0, 0x7, 0xff, 0xfb, 0x0,
    0x0, 0x0, 0x0, 0x0, 0x3, 0xff, 0xfe, 0x10,
    0x22, 0x21, 0x0, 0x0, 0x1, 0xef, 0xff, 0x40,
    0x1f, 0xff, 0x90, 0x0, 0x0, 0xbf, 0xff, 0x80,
    0x1, 0xff, 0xf9, 0x0, 0x0, 0x7f, 0xff, 0xc0,
    0x0, 0x1f, 0xff, 0x90, 0x0, 0x2f, 0xff, 0xff,
    0xff, 0xff, 0xff, 0xff, 0xff, 0x54, 0xff, 0xff,
    0xff, 0xff, 0xff, 0xff, 0xff, 0xf5, 0x4f, 0xff,
    0xff, 0xff, 0xff, 0xff, 0xff, 0xff, 0x50, 0x22,
    0x22, 0x22, 0x22, 0x5f, 0xff, 0xa2, 0x20, 0x0,
    0x0, 0x0, 0x0, 0x3, 0xff, 0xf9, 0x0, 0x0,
    0x0, 0x0, 0x0, 0x0, 0x3f, 0xff, 0x90, 0x0,
    0x0, 0x0, 0x0, 0x0, 0x3, 0xff, 0xf9, 0x0,
    0x0,

    /* U+0035 "5" */
    0x0, 0xbf, 0xff, 0xff, 0xff, 0xff, 0x90, 0x0,
    0xcf, 0xff, 0xff, 0xff, 0xff, 0x90, 0x0, 0xef,
    0xff, 0xff, 0xff, 0xff, 0x90, 0x0, 0xff, 0xf9,
    0x11, 0x11, 0x11, 0x0, 0x1, 0xff, 0xf7, 0x0,
    0x0, 0x0, 0x0, 0x2, 0xff, 0xf5, 0x0, 0x0,
    0x0, 0x0, 0x4, 0xff, 0xff, 0xfe, 0xda, 0x50,
    0x0, 0x5, 0xff, 0xff, 0xff, 0xff, 0xfc, 0x10,
    0x7, 0xff, 0xff, 0xff, 0xff, 0xff, 0xc0, 0x1,
    0x22, 0x22, 0x24, 0x9f, 0xff, 0xf4, 0x0, 0x0,
    0x0, 0x0, 0x8, 0xff, 0xf8, 0x0, 0x0, 0x0,
    0x0, 0x5, 0xff, 0xf9, 0x5, 0x50, 0x0, 0x0,
    0xa, 0xff, 0xf7, 0xe, 0xfd, 0x85, 0x45, 0xaf,
    0xff, 0xf2, 0x6f, 0xff, 0xff, 0xff, 0xff, 0xff,
    0x90, 0x5e, 0xff, 0xff, 0xff, 0xff, 0xf9, 0x0,
    0x0, 0x49, 0xce, 0xfe, 0xd9, 0x30, 0x0,

    /* U+0036 "6" */
    0x0, 0x0, 0x2, 0x8c, 0xff, 0xfc, 0x93, 0x0,
    0x0, 0x8, 0xff, 0xff, 0xff, 0xff, 0xe0, 0x0,
    0xc, 0xff, 0xff, 0xff, 0xff, 0xf7, 0x0, 0x9,
    0xff, 0xff, 0x84, 0x23, 0x6b, 0x0, 0x2, 0xff,
    0xfe, 0x20, 0x0, 0x0, 0x0, 0x0, 0x9f, 0xff,
    0x50, 0x0, 0x0, 0x0, 0x0, 0xd, 0xff, 0xf1,
    0x6b, 0xdd, 0xb6, 0x0, 0x0, 0xff, 0xff, 0xdf,
    0xff, 0xff, 0xfd, 0x20, 0xf, 0xff, 0xff, 0xff,
    0xff, 0xff, 0xfd, 0x0, 0xff, 0xff, 0xf7, 0x10,
    0x4d, 0xff, 0xf6, 0xf, 0xff, 0xf9, 0x0, 0x0,
    0x3f, 0xff, 0xb0, 0xcf, 0xff, 0x50, 0x0, 0x0,
    0xff, 0xfc, 0x7, 0xff, 0xf8, 0x0, 0x0, 0x2f,
    0xff, 0xa0, 0x1f, 0xff, 0xf5, 0x0, 0x2c, 0xff,
    0xf5, 0x0, 0x6f, 0xff, 0xff, 0xef, 0xff, 0xfc,
    0x0, 0x0, 0x6f, 0xff, 0xff, 0xff, 0xfc, 0x10,
    0x0, 0x0, 0x18, 0xce, 0xfe, 0xb5, 0x0, 0x0,

    /* U+0037 "7" */
    0x6f, 0xff, 0xff, 0xff, 0xff, 0xff, 0xff, 0x16,
    0xff, 0xff, 0xff, 0xff, 0xff, 0xff, 0xf1, 0x6f,
    0xff, 0xff, 0xff, 0xff, 0xff, 0xff, 0x6, 0xff,
    0xf3, 0x22, 0x22, 0x9f, 0xff, 0xa0, 0x6f, 0xff,
    0x10, 0x0, 0xe, 0xff, 0xf3, 0x5, 0xee, 0xe1,
    0x0, 0x6, 0xff, 0xfc, 0x0, 0x0, 0x0, 0x0,
    0x0, 0xdf, 0xff, 0x50, 0x0, 0x0, 0x0, 0x0,
    0x4f, 0xff, 0xe0, 0x0, 0x0, 0x0, 0x0, 0xb,
    0xff, 0xf8, 0x0, 0x0, 0x0, 0x0, 0x2, 0xff,
    0xff, 0x10, 0x0, 0x0, 0x0, 0x0, 0x8f, 0xff,
    0xa0, 0x0, 0x0, 0x0, 0x0, 0xf, 0xff, 0xf3,
    0x0, 0x0, 0x0, 0x0, 0x6, 0xff, 0xfc, 0x0,
    0x0, 0x0, 0x0, 0x0, 0xdf, 0xff, 0x50, 0x0,
    0x0, 0x0, 0x0, 0x4f, 0xff, 0xe0, 0x0, 0x0,
    0x0, 0x0, 0xb, 0xff, 0xf7, 0x0, 0x0, 0x0,
    0x0, 0x2, 0xff, 0xff, 0x10, 0x0, 0x0, 0x0,

    /* U+0038 "8" */
    0x0, 0x0, 0x5a, 0xef, 0xfd, 0xa4, 0x0, 0x0,
    0x1, 0xdf, 0xff, 0xff, 0xff, 0xfb, 0x0, 0x0,
    0xdf, 0xff, 0xfe, 0xef, 0xff, 0xfb, 0x0, 0x5f,
    0xff, 0xd2, 0x0, 0x4f, 0xff, 0xf2, 0x8, 0xff,
    0xf6, 0x0, 0x0, 0x9f, 0xff, 0x50, 0x7f, 0xff,
    0x60, 0x0, 0x9, 0xff, 0xf5, 0x2, 0xff, 0xfe,
    0x40, 0x16, 0xff, 0xff, 0x0, 0x7, 0xff, 0xff,
    0xff, 0xff, 0xff, 0x50, 0x0, 0x3e, 0xff, 0xff,
    0xff, 0xff, 0xc2, 0x0, 0x3f, 0xff, 0xfd, 0xbb,
    0xef, 0xff, 0xe2, 0xd, 0xff, 0xf6, 0x0, 0x0,
    0x9f, 0xff, 0xa1, 0xff, 0xfd, 0x0, 0x0, 0x0,
    0xff, 0xfe, 0x1f, 0xff, 0xe0, 0x0, 0x0, 0x1f,
    0xff, 0xe0, 0xef, 0xff, 0x91, 0x0, 0x2b, 0xff,
    0xfb, 0x5, 0xff, 0xff, 0xfd, 0xef, 0xff, 0xff,
    0x30, 0x6, 0xff, 0xff, 0xff, 0xff, 0xfe, 0x40,
    0x0, 0x1, 0x7b, 0xef, 0xfe, 0xb6, 0x0, 0x0,

    /* U+0039 "9" */
    0x0, 0x3, 0x9d, 0xff, 0xd9, 0x30, 0x0, 0x0,
    0x8, 0xff, 0xff, 0xff, 0xff, 0x90, 0x0, 0x8,
    0xff, 0xff, 0xff, 0xff, 0xff, 0xa0, 0x1, 0xff,
    0xff, 0x50, 0x3, 0xdf, 0xff, 0x50, 0x5f, 0xff,
    0x70, 0x0, 0x3, 0xff, 0xfc, 0x7, 0xff, 0xf5,
    0x0, 0x0, 0xf, 0xff, 0xf0, 0x6f, 0xff, 0x80,
    0x0, 0x4, 0xff, 0xff, 0x32, 0xff, 0xff, 0x61,
    0x5, 0xef, 0xff, 0xf5, 0x9, 0xff, 0xff, 0xff,
    0xff, 0xff, 0xff, 0x50, 0xa, 0xff, 0xff, 0xff,
    0xfd, 0xff, 0xf4, 0x0, 0x4, 0xac, 0xdc, 0x81,
    0xbf, 0xff, 0x20, 0x0, 0x0, 0x0, 0x0, 0x1f,
    0xff, 0xd0, 0x0, 0x0, 0x0, 0x0, 0xb, 0xff,
    0xf7, 0x0, 0x8, 0x74, 0x23, 0x6d, 0xff, 0xfd,
    0x0, 0x2, 0xff, 0xff, 0xff, 0xff, 0xfe, 0x20,
    0x0, 0xaf, 0xff, 0xff, 0xff, 0xfc, 0x10, 0x0,
    0x1, 0x7c, 0xef, 0xfd, 0xa4, 0x0, 0x0, 0x0,

    /* U+003A ":" */
    0x4, 0xde, 0x80, 0xf, 0xff, 0xf4, 0x2f, 0xff,
    0xf6, 0xc, 0xff, 0xf2, 0x1, 0x78, 0x20, 0x0,
    0x0, 0x0, 0x0, 0x0, 0x0, 0x0, 0x0, 0x0,
    0x1, 0x78, 0x20, 0xd, 0xff, 0xf2, 0x2f, 0xff,
    0xf6, 0xf, 0xff, 0xf4, 0x4, 0xde, 0x80,

    /* U+003B ";" */
    0x4, 0xde, 0x80, 0xf, 0xff, 0xf4, 0x2f, 0xff,
    0xf6, 0xc, 0xff, 0xf2, 0x1, 0x78, 0x20, 0x0,
    0x0, 0x0, 0x0, 0x0, 0x0, 0x0, 0x0, 0x0,
    0x0, 0x0, 0x0, 0x6, 0xff, 0xa0, 0xf, 0xff,
    0xf5, 0x1f, 0xff, 0xf6, 0xa, 0xff, 0xf3, 0x0,
    0xff, 0xd0, 0x3, 0xff, 0x70, 0x8, 0xff, 0x10,
    0xc, 0xfa, 0x0,

    /* U+003C "<" */
    0x0, 0x0, 0x0, 0x0, 0x0, 0x0, 0x0, 0x0,
    0x0, 0x0, 0x4, 0xad, 0x0, 0x0, 0x0, 0x28,
    0xef, 0xfe, 0x0, 0x0, 0x6c, 0xff, 0xff, 0xfd,
    0x4, 0xaf, 0xff, 0xff, 0xfa, 0x40, 0x7f, 0xff,
    0xff, 0xb5, 0x0, 0x0, 0x8f, 0xff, 0x91, 0x0,
    0x0, 0x0, 0x8f, 0xff, 0xfc, 0x61, 0x0, 0x0,
    0x29, 0xff, 0xff, 0xff, 0xa5, 0x0, 0x0, 0x5,
    0xbf, 0xff, 0xff, 0xe8, 0x0, 0x0, 0x1, 0x7d,
    0xff, 0xfe, 0x0, 0x0, 0x0, 0x0, 0x3a, 0xfe,
    0x0, 0x0, 0x0, 0x0, 0x0, 0x5,

    /* U+003D "=" */
    0x8f, 0xff, 0xff, 0xff, 0xff, 0xfe, 0x8f, 0xff,
    0xff, 0xff, 0xff, 0xfe, 0x7e, 0xee, 0xee, 0xee,
    0xee, 0xed, 0x0, 0x0, 0x0, 0x0, 0x0, 0x0,
    0x0, 0x0, 0x0, 0x0, 0x0, 0x0, 0x0, 0x0,
    0x0, 0x0, 0x0, 0x0, 0x8f, 0xff, 0xff, 0xff,
    0xff, 0xfe, 0x8f, 0xff, 0xff, 0xff, 0xff, 0xfe,
    0x7e, 0xee, 0xee, 0xee, 0xee, 0xed,

    /* U+003E ">" */
    0x0, 0x0, 0x0, 0x0, 0x0, 0x0, 0x8c, 0x61,
    0x0, 0x0, 0x0, 0x0, 0x8f, 0xff, 0xa4, 0x0,
    0x0, 0x0, 0x7f, 0xff, 0xff, 0xe8, 0x20, 0x0,
    0x2, 0x7d, 0xff, 0xff, 0xfc, 0x60, 0x0, 0x0,
    0x39, 0xef, 0xff, 0xfe, 0x0, 0x0, 0x0, 0x5,
    0xef, 0xfe, 0x0, 0x0, 0x4, 0x9f, 0xff, 0xfe,
    0x0, 0x28, 0xef, 0xff, 0xff, 0xc5, 0x4d, 0xff,
    0xff, 0xfe, 0x82, 0x0, 0x8f, 0xff, 0xfa, 0x40,
    0x0, 0x0, 0x8f, 0xc6, 0x0, 0x0, 0x0, 0x0,
    0x32, 0x0, 0x0, 0x0, 0x0, 0x0,

    /* U+003F "?" */
    0x0, 0x1, 0x6b, 0xdf, 0xfd, 0x93, 0x0, 0x0,
    0x5e, 0xff, 0xff, 0xff, 0xff, 0x80, 0x6, 0xff,
    0xff, 0xff, 0xff, 0xff, 0xf5, 0x7, 0xff, 0xf8,
    0x32, 0x5d, 0xff, 0xfb, 0x0, 0x1a, 0x30, 0x0,
    0x2, 0xff, 0xfd, 0x0, 0x0, 0x0, 0x0, 0x2,
    0xff, 0xfb, 0x0, 0x0, 0x0, 0x0, 0xc, 0xff,
    0xf4, 0x0, 0x0, 0x0, 0x1, 0xcf, 0xff, 0x80,
    0x0, 0x0, 0x0, 0xc, 0xff, 0xf7, 0x0, 0x0,
    0x0, 0x0, 0x7f, 0xff, 0x70, 0x0, 0x0, 0x0,
    0x0, 0xbf, 0xfe, 0x0, 0x0, 0x0, 0x0, 0x0,
    0x1, 0x10, 0x0, 0x0, 0x0, 0x0, 0x0, 0x3,
    0x30, 0x0, 0x0, 0x0, 0x0, 0x0, 0xbf, 0xfb,
    0x0, 0x0, 0x0, 0x0, 0x3, 0xff, 0xff, 0x40,
    0x0, 0x0, 0x0, 0x1, 0xff, 0xff, 0x20, 0x0,
    0x0, 0x0, 0x0, 0x6e, 0xe7, 0x0, 0x0,

    /* U+0040 "@" */
    0x0, 0x0, 0x0, 0x1, 0x6a, 0xde, 0xfe, 0xda,
    0x61, 0x0, 0x0, 0x0, 0x0, 0x0, 0x1, 0x8f,
    0xff, 0xff, 0xff, 0xff, 0xff, 0x91, 0x0, 0x0,
    0x0, 0x0, 0x3e, 0xff, 0xfb, 0x75, 0x44, 0x6a,
    0xef, 0xfe, 0x40, 0x0, 0x0, 0x3, 0xff, 0xfa,
    0x10, 0x0, 0x0, 0x0, 0x7, 0xff, 0xf4, 0x0,
    0x0, 0x1e, 0xff, 0x60, 0x0, 0x0, 0x0, 0x0,
    0x0, 0x3e, 0xff, 0x20, 0x0, 0xaf, 0xf7, 0x0,
    0x5, 0xab, 0xa6, 0x8, 0xcc, 0x63, 0xff, 0xa0,
    0x2, 0xff, 0xc0, 0x1, 0xcf, 0xff, 0xff, 0xdd,
    0xff, 0x80, 0x7f, 0xf2, 0x8, 0xff, 0x40, 0xc,
    0xff, 0xff, 0xff, 0xff, 0xff, 0x80, 0xf, 0xf7,
    0xc, 0xfe, 0x0, 0x6f, 0xff, 0xa2, 0x4, 0xdf,
    0xff, 0x80, 0xb, 0xfb, 0xe, 0xfb, 0x0, 0xbf,
    0xfc, 0x0, 0x0, 0x2f, 0xff, 0x80, 0x9, 0xfd,
    0xf, 0xfa, 0x0, 0xef, 0xf7, 0x0, 0x0, 0xc,
    0xff, 0x80, 0x8, 0xfe, 0xf, 0xfa, 0x0, 0xef,
    0xf6, 0x0, 0x0, 0xb, 0xff, 0x80, 0x9, 0xfd,
    0xe, 0xfb, 0x0, 0xcf, 0xfa, 0x0, 0x0, 0xe,
    0xff, 0x80, 0xb, 0xfb, 0xc, 0xfe, 0x0, 0x7f,
    0xff, 0x40, 0x0, 0x9f, 0xff, 0xa0, 0x2f, 0xf6,
    0x7, 0xff, 0x40, 0x1e, 0xff, 0xfc, 0xad, 0xff,
    0xff, 0xfb, 0xef, 0xe1, 0x2, 0xff, 0xb0, 0x3,
    0xef, 0xff, 0xff, 0xf4, 0xef, 0xff, 0xff, 0x50,
    0x0, 0xaf, 0xf7, 0x0, 0x18, 0xdf, 0xea, 0x20,
    0x2b, 0xff, 0xb3, 0x0, 0x0, 0x1e, 0xff, 0x60,
    0x0, 0x0, 0x0, 0x0, 0x0, 0x0, 0x0, 0x0,
    0x0, 0x3, 0xff, 0xfa, 0x10, 0x0, 0x0, 0x0,
    0x21, 0x0, 0x0, 0x0, 0x0, 0x0, 0x3e, 0xff,
    0xfb, 0x75, 0x45, 0x7b, 0xf7, 0x0, 0x0, 0x0,
    0x0, 0x0, 0x1, 0x8f, 0xff, 0xff, 0xff, 0xff,
    0xfc, 0x0, 0x0, 0x0, 0x0, 0x0, 0x0, 0x1,
    0x6a, 0xde, 0xff, 0xda, 0x61, 0x0, 0x0, 0x0,

    /* U+0041 "A" */
    0x0, 0x0, 0x0, 0x0, 0xef, 0xff, 0x50, 0x0,
    0x0, 0x0, 0x0, 0x0, 0x0, 0x6, 0xff, 0xff,
    0xc0, 0x0, 0x0, 0x0, 0x0, 0x0, 0x0, 0xd,
    0xff, 0xff, 0xf3, 0x0, 0x0, 0x0, 0x0, 0x0,
    0x0, 0x4f, 0xff, 0xff, 0xfa, 0x0, 0x0, 0x0,
    0x0, 0x0, 0x0, 0xbf, 0xfd, 0x8f, 0xff, 0x10,
    0x0, 0x0, 0x0, 0x0, 0x2, 0xff, 0xf6, 0x1f,
    0xff, 0x80, 0x0, 0x0, 0x0, 0x0, 0x9, 0xff,
    0xf0, 0xa, 0xff, 0xe0, 0x0, 0x0, 0x0, 0x0,
    0x1f, 0xff, 0x90, 0x4, 0xff, 0xf6, 0x0, 0x0,
    0x0, 0x0, 0x7f, 0xff, 0x20, 0x0, 0xdf, 0xfd,
    0x0, 0x0, 0x0, 0x0, 0xef, 0xfb, 0x0, 0x0,
    0x6f, 0xff, 0x40, 0x0, 0x0, 0x5, 0xff, 0xff,
    0xff, 0xff, 0xff, 0xff, 0xb0, 0x0, 0x0, 0xc,
    0xff, 0xff, 0xff, 0xff, 0xff, 0xff, 0xf3, 0x0,
    0x0, 0x3f, 0xff, 0xff, 0xff, 0xff, 0xff, 0xff,
    0xfa, 0x0, 0x0, 0xaf, 0xff, 0x10, 0x0, 0x0,
    0x0, 0xcf, 0xff, 0x10, 0x2, 0xff, 0xfb, 0x0,
    0x0, 0x0, 0x0, 0x6f, 0xff, 0x80, 0x8, 0xff,
    0xf5, 0x0, 0x0, 0x0, 0x0, 0xf, 0xff, 0xe0,
    0xf, 0xff, 0xe0, 0x0, 0x0, 0x0, 0x0, 0xa,
    0xff, 0xf6,

    /* U+0042 "B" */
    0xf, 0xff, 0xff, 0xff, 0xff, 0xec, 0x81, 0x0,
    0x0, 0xff, 0xff, 0xff, 0xff, 0xff, 0xff, 0xf4,
    0x0, 0xf, 0xff, 0xfe, 0xee, 0xef, 0xff, 0xff,
    0xf1, 0x0, 0xff, 0xfd, 0x0, 0x0, 0x4, 0xef,
    0xff, 0x60, 0xf, 0xff, 0xd0, 0x0, 0x0, 0x7,
    0xff, 0xf8, 0x0, 0xff, 0xfd, 0x0, 0x0, 0x0,
    0x7f, 0xff, 0x60, 0xf, 0xff, 0xd0, 0x0, 0x0,
    0x2e, 0xff, 0xf1, 0x0, 0xff, 0xff, 0xdd, 0xdd,
    0xef, 0xff, 0xf6, 0x0, 0xf, 0xff, 0xff, 0xff,
    0xff, 0xff, 0xfc, 0x10, 0x0, 0xff, 0xff, 0xff,
    0xff, 0xff, 0xff, 0xff, 0x30, 0xf, 0xff, 0xd0,
    0x0, 0x0, 0x17, 0xff, 0xfe, 0x0, 0xff, 0xfd,
    0x0, 0x0, 0x0, 0xa, 0xff, 0xf4, 0xf, 0xff,
    0xd0, 0x0, 0x0, 0x0, 0x9f, 0xff, 0x50, 0xff,
    0xfd, 0x0, 0x0, 0x0, 0x5f, 0xff, 0xf4, 0xf,
    0xff, 0xfe, 0xee, 0xee, 0xff, 0xff, 0xfd, 0x0,
    0xff, 0xff, 0xff, 0xff, 0xff, 0xff, 0xfd, 0x20,
    0xf, 0xff, 0xff, 0xff, 0xff, 0xfe, 0xb6, 0x0,
    0x0,

    /* U+0043 "C" */
    0x0, 0x0, 0x0, 0x5a, 0xdf, 0xfd, 0xb6, 0x0,
    0x0, 0x0, 0x4, 0xef, 0xff, 0xff, 0xff, 0xfe,
    0x50, 0x0, 0x8, 0xff, 0xff, 0xff, 0xff, 0xff,
    0xff, 0x70, 0x6, 0xff, 0xff, 0xe9, 0x65, 0x7c,
    0xff, 0xf6, 0x1, 0xff, 0xff, 0xa0, 0x0, 0x0,
    0x5, 0xe4, 0x0, 0x8f, 0xff, 0xc0, 0x0, 0x0,
    0x0, 0x0, 0x0, 0xd, 0xff, 0xf4, 0x0, 0x0,
    0x0, 0x0, 0x0, 0x0, 0xff, 0xff, 0x0, 0x0,
    0x0, 0x0, 0x0, 0x0, 0xf, 0xff, 0xe0, 0x0,
    0x0, 0x0, 0x0, 0x0, 0x0, 0xff, 0xff, 0x0,
    0x0, 0x0, 0x0, 0x0, 0x0, 0xd, 0xff, 0xf4,
    0x0, 0x0, 0x0, 0x0, 0x0, 0x0, 0x8f, 0xff,
    0xc0, 0x0, 0x0, 0x0, 0x0, 0x0, 0x1, 0xff,
    0xff, 0xa0, 0x0, 0x0, 0x5, 0xe4, 0x0, 0x6,
    0xff, 0xff, 0xe8, 0x54, 0x7c, 0xff, 0xf6, 0x0,
    0x8, 0xff, 0xff, 0xff, 0xff, 0xff, 0xff, 0x70,
    0x0, 0x5, 0xef, 0xff, 0xff, 0xff, 0xfe, 0x50,
    0x0, 0x0, 0x0, 0x6a, 0xdf, 0xfd, 0xb6, 0x0,
    0x0,

    /* U+0044 "D" */
    0xf, 0xff, 0xff, 0xff, 0xff, 0xda, 0x50, 0x0,
    0x0, 0xf, 0xff, 0xff, 0xff, 0xff, 0xff, 0xfd,
    0x30, 0x0, 0xf, 0xff, 0xff, 0xff, 0xff, 0xff,
    0xff, 0xf6, 0x0, 0xf, 0xff, 0xe2, 0x22, 0x24,
    0x8e, 0xff, 0xff, 0x40, 0xf, 0xff, 0xe0, 0x0,
    0x0, 0x0, 0xbf, 0xff, 0xe0, 0xf, 0xff, 0xe0,
    0x0, 0x0, 0x0, 0xd, 0xff, 0xf6, 0xf, 0xff,
    0xe0, 0x0, 0x0, 0x0, 0x6, 0xff, 0xfa, 0xf,
    0xff, 0xe0, 0x0, 0x0, 0x0, 0x2, 0xff, 0xfd,
    0xf, 0xff, 0xe0, 0x0, 0x0, 0x0, 0x1, 0xff,
    0xfe, 0xf, 0xff, 0xe0, 0x0, 0x0, 0x0, 0x2,
    0xff, 0xfd, 0xf, 0xff, 0xe0, 0x0, 0x0, 0x0,
    0x6, 0xff, 0xfa, 0xf, 0xff, 0xe0, 0x0, 0x0,
    0x0, 0xd, 0xff, 0xf6, 0xf, 0xff, 0xe0, 0x0,
    0x0, 0x0, 0xbf, 0xff, 0xe0, 0xf, 0xff, 0xe2,
    0x22, 0x24, 0x8e, 0xff, 0xff, 0x40, 0xf, 0xff,
    0xff, 0xff, 0xff, 0xff, 0xff, 0xf6, 0x0, 0xf,
    0xff, 0xff, 0xff, 0xff, 0xff, 0xfd, 0x30, 0x0,
    0xf, 0xff, 0xff, 0xff, 0xff, 0xda, 0x50, 0x0,
    0x0,

    /* U+0045 "E" */
    0xf, 0xff, 0xff, 0xff, 0xff, 0xff, 0xfb, 0xf,
    0xff, 0xff, 0xff, 0xff, 0xff, 0xfb, 0xf, 0xff,
    0xff, 0xff, 0xff, 0xff, 0xfb, 0xf, 0xff, 0xd1,
    0x11, 0x11, 0x11, 0x11, 0xf, 0xff, 0xd0, 0x0,
    0x0, 0x0, 0x0, 0xf, 0xff, 0xd0, 0x0, 0x0,
    0x0, 0x0, 0xf, 0xff, 0xd0, 0x0, 0x0, 0x0,
    0x0, 0xf, 0xff, 0xff, 0xff, 0xff, 0xff, 0xa0,
    0xf, 0xff, 0xff, 0xff, 0xff, 0xff, 0xa0, 0xf,
    0xff, 0xff, 0xff, 0xff, 0xff, 0xa0, 0xf, 0xff,
    0xd0, 0x0, 0x0, 0x0, 0x0, 0xf, 0xff, 0xd0,
    0x0, 0x0, 0x0, 0x0, 0xf, 0xff, 0xd0, 0x0,
    0x0, 0x0, 0x0, 0xf, 0xff, 0xd1, 0x11, 0x11,
    0x11, 0x11, 0xf, 0xff, 0xff, 0xff, 0xff, 0xff,
    0xff, 0xf, 0xff, 0xff, 0xff, 0xff, 0xff, 0xff,
    0xf, 0xff, 0xff, 0xff, 0xff, 0xff, 0xff,

    /* U+0046 "F" */
    0xf, 0xff, 0xff, 0xff, 0xff, 0xff, 0xfb, 0xf,
    0xff, 0xff, 0xff, 0xff, 0xff, 0xfb, 0xf, 0xff,
    0xff, 0xff, 0xff, 0xff, 0xfb, 0xf, 0xff, 0xe1,
    0x11, 0x11, 0x11, 0x11, 0xf, 0xff, 0xe0, 0x0,
    0x0, 0x0, 0x0, 0xf, 0xff, 0xe0, 0x0, 0x0,
    0x0, 0x0, 0xf, 0xff, 0xe0, 0x0, 0x0, 0x0,
    0x0, 0xf, 0xff, 0xe1, 0x11, 0x11, 0x11, 0x0,
    0xf, 0xff, 0xff, 0xff, 0xff, 0xff, 0xa0, 0xf,
    0xff, 0xff, 0xff, 0xff, 0xff, 0xa0, 0xf, 0xff,
    0xff, 0xff, 0xff, 0xff, 0xa0, 0xf, 0xff, 0xe0,
    0x0, 0x0, 0x0, 0x0, 0xf, 0xff, 0xe0, 0x0,
    0x0, 0x0, 0x0, 0xf, 0xff, 0xe0, 0x0, 0x0,
    0x0, 0x0, 0xf, 0xff, 0xe0, 0x0, 0x0, 0x0,
    0x0, 0xf, 0xff, 0xe0, 0x0, 0x0, 0x0, 0x0,
    0xf, 0xff, 0xe0, 0x0, 0x0, 0x0, 0x0,

    /* U+0047 "G" */
    0x0, 0x0, 0x0, 0x5a, 0xdf, 0xfe, 0xb7, 0x10,
    0x0, 0x0, 0x0, 0x4d, 0xff, 0xff, 0xff, 0xff,
    0xf8, 0x0, 0x0, 0x7, 0xff, 0xff, 0xff, 0xff,
    0xff, 0xff, 0xb0, 0x0, 0x6f, 0xff, 0xfe, 0x96,
    0x56, 0xbf, 0xff, 0x80, 0x1, 0xff, 0xff, 0xa1,
    0x0, 0x0, 0x3, 0xd6, 0x0, 0x8, 0xff, 0xfc,
    0x0, 0x0, 0x0, 0x0, 0x0, 0x0, 0xd, 0xff,
    0xf4, 0x0, 0x0, 0x0, 0x0, 0x0, 0x0, 0xf,
    0xff, 0xf0, 0x0, 0x0, 0x0, 0x0, 0x0, 0x0,
    0xf, 0xff, 0xe0, 0x0, 0x0, 0x0, 0x7, 0xcc,
    0xa0, 0xf, 0xff, 0xf0, 0x0, 0x0, 0x0, 0xa,
    0xff, 0xe0, 0xd, 0xff, 0xf4, 0x0, 0x0, 0x0,
    0xa, 0xff, 0xe0, 0x8, 0xff, 0xfc, 0x0, 0x0,
    0x0, 0xa, 0xff, 0xe0, 0x1, 0xff, 0xff, 0xa0,
    0x0, 0x0, 0xa, 0xff, 0xe0, 0x0, 0x6f, 0xff,
    0xfe, 0x95, 0x46, 0xaf, 0xff, 0xe0, 0x0, 0x8,
    0xff, 0xff, 0xff, 0xff, 0xff, 0xff, 0xe0, 0x0,
    0x0, 0x5e, 0xff, 0xff, 0xff, 0xff, 0xfb, 0x20,
    0x0, 0x0, 0x0, 0x5a, 0xdf, 0xfe, 0xb8, 0x20,
    0x0,

    /* U+0048 "H" */
    0xf, 0xff, 0xe0, 0x0, 0x0, 0x0, 0x7f, 0xff,
    0x60, 0xff, 0xfe, 0x0, 0x0, 0x0, 0x7, 0xff,
    0xf6, 0xf, 0xff, 0xe0, 0x0, 0x0, 0x0, 0x7f,
    0xff, 0x60, 0xff, 0xfe, 0x0, 0x0, 0x0, 0x7,
    0xff, 0xf6, 0xf, 0xff, 0xe0, 0x0, 0x0, 0x0,
    0x7f, 0xff, 0x60, 0xff, 0xfe, 0x0, 0x0, 0x0,
    0x7, 0xff, 0xf6, 0xf, 0xff, 0xe0, 0x0, 0x0,
    0x0, 0x7f, 0xff, 0x60, 0xff, 0xff, 0xff, 0xff,
    0xff, 0xff, 0xff, 0xf6, 0xf, 0xff, 0xff, 0xff,
    0xff, 0xff, 0xff, 0xff, 0x60, 0xff, 0xff, 0xff,
    0xff, 0xff, 0xff, 0xff, 0xf6, 0xf, 0xff, 0xe4,
    0x44, 0x44, 0x44, 0x9f, 0xff, 0x60, 0xff, 0xfe,
    0x0, 0x0, 0x0, 0x7, 0xff, 0xf6, 0xf, 0xff,
    0xe0, 0x0, 0x0, 0x0, 0x7f, 0xff, 0x60, 0xff,
    0xfe, 0x0, 0x0, 0x0, 0x7, 0xff, 0xf6, 0xf,
    0xff, 0xe0, 0x0, 0x0, 0x0, 0x7f, 0xff, 0x60,
    0xff, 0xfe, 0x0, 0x0, 0x0, 0x7, 0xff, 0xf6,
    0xf, 0xff, 0xe0, 0x0, 0x0, 0x0, 0x7f, 0xff,
    0x60,

    /* U+0049 "I" */
    0xf, 0xff, 0xe0, 0xff, 0xfe, 0xf, 0xff, 0xe0,
    0xff, 0xfe, 0xf, 0xff, 0xe0, 0xff, 0xfe, 0xf,
    0xff, 0xe0, 0xff, 0xfe, 0xf, 0xff, 0xe0, 0xff,
    0xfe, 0xf, 0xff, 0xe0, 0xff, 0xfe, 0xf, 0xff,
    0xe0, 0xff, 0xfe, 0xf, 0xff, 0xe0, 0xff, 0xfe,
    0xf, 0xff, 0xe0,

    /* U+004A "J" */
    0x0, 0xaf, 0xff, 0xff, 0xff, 0xff, 0x20, 0xa,
    0xff, 0xff, 0xff, 0xff, 0xf2, 0x0, 0xaf, 0xff,
    0xff, 0xff, 0xff, 0x20, 0x0, 0x11, 0x11, 0x1c,
    0xff, 0xf2, 0x0, 0x0, 0x0, 0x0, 0xbf, 0xff,
    0x20, 0x0, 0x0, 0x0, 0xb, 0xff, 0xf2, 0x0,
    0x0, 0x0, 0x0, 0xbf, 0xff, 0x20, 0x0, 0x0,
    0x0, 0xb, 0xff, 0xf2, 0x0, 0x0, 0x0, 0x0,
    0xbf, 0xff, 0x20, 0x0, 0x0, 0x0, 0xb, 0xff,
    0xf2, 0x0, 0x0, 0x0, 0x0, 0xbf, 0xff, 0x20,
    0x0, 0x0, 0x0, 0xc, 0xff, 0xf1, 0x0, 0x94,
    0x0, 0x0, 0xff, 0xff, 0x0, 0x7f, 0xf8, 0x34,
    0xbf, 0xff, 0xb0, 0x2f, 0xff, 0xff, 0xff, 0xff,
    0xf4, 0x0, 0x6f, 0xff, 0xff, 0xff, 0xf8, 0x0,
    0x0, 0x28, 0xdf, 0xfe, 0xa3, 0x0, 0x0,

    /* U+004B "K" */
    0xf, 0xff, 0xd0, 0x0, 0x0, 0x3, 0xff, 0xff,
    0x30, 0xf, 0xff, 0xd0, 0x0, 0x0, 0x2e, 0xff,
    0xf4, 0x0, 0xf, 0xff, 0xd0, 0x0, 0x2, 0xef,
    0xff, 0x50, 0x0, 0xf, 0xff, 0xd0, 0x0, 0x1d,
    0xff, 0xf6, 0x0, 0x0, 0xf, 0xff, 0xd0, 0x1,
    0xdf, 0xff, 0x70, 0x0, 0x0, 0xf, 0xff, 0xd0,
    0xc, 0xff, 0xf9, 0x0, 0x0, 0x0, 0xf, 0xff,
    0xd0, 0xcf, 0xff, 0xa0, 0x0, 0x0, 0x0, 0xf,
    0xff, 0xeb, 0xff, 0xfd, 0x0, 0x0, 0x0, 0x0,
    0xf, 0xff, 0xff, 0xff, 0xff, 0x60, 0x0, 0x0,
    0x0, 0xf, 0xff, 0xff, 0xff, 0xff, 0xf3, 0x0,
    0x0, 0x0, 0xf, 0xff, 0xff, 0xdc, 0xff, 0xfd,
    0x10, 0x0, 0x0, 0xf, 0xff, 0xfe, 0x11, 0xef,
    0xff, 0xb0, 0x0, 0x0, 0xf, 0xff, 0xf2, 0x0,
    0x3f, 0xff, 0xf8, 0x0, 0x0, 0xf, 0xff, 0xd0,
    0x0, 0x5, 0xff, 0xff, 0x40, 0x0, 0xf, 0xff,
    0xd0, 0x0, 0x0, 0x8f, 0xff, 0xe2, 0x0, 0xf,
    0xff, 0xd0, 0x0, 0x0, 0xb, 0xff, 0xfd, 0x0,
    0xf, 0xff, 0xd0, 0x0, 0x0, 0x1, 0xdf, 0xff,
    0xa0,

    /* U+004C "L" */
    0xf, 0xff, 0xe0, 0x0, 0x0, 0x0, 0x0, 0xf,
    0xff, 0xe0, 0x0, 0x0, 0x0, 0x0, 0xf, 0xff,
    0xe0, 0x0, 0x0, 0x0, 0x0, 0xf, 0xff, 0xe0,
    0x0, 0x0, 0x0, 0x0, 0xf, 0xff, 0xe0, 0x0,
    0x0, 0x0, 0x0, 0xf, 0xff, 0xe0, 0x0, 0x0,
    0x0, 0x0, 0xf, 0xff, 0xe0, 0x0, 0x0, 0x0,
    0x0, 0xf, 0xff, 0xe0, 0x0, 0x0, 0x0, 0x0,
    0xf, 0xff, 0xe0, 0x0, 0x0, 0x0, 0x0, 0xf,
    0xff, 0xe0, 0x0, 0x0, 0x0, 0x0, 0xf, 0xff,
    0xe0, 0x0, 0x0, 0x0, 0x0, 0xf, 0xff, 0xe0,
    0x0, 0x0, 0x0, 0x0, 0xf, 0xff, 0xe0, 0x0,
    0x0, 0x0, 0x0, 0xf, 0xff, 0xe2, 0x22, 0x22,
    0x22, 0x20, 0xf, 0xff, 0xff, 0xff, 0xff, 0xff,
    0xf4, 0xf, 0xff, 0xff, 0xff, 0xff, 0xff, 0xf4,
    0xf, 0xff, 0xff, 0xff, 0xff, 0xff, 0xf4,

    /* U+004D "M" */
    0xf, 0xff, 0x70, 0x0, 0x0, 0x0, 0x0, 0x0,
    0x9f, 0xfd, 0xf, 0xff, 0xf2, 0x0, 0x0, 0x0,
    0x0, 0x3, 0xff, 0xfe, 0xf, 0xff, 0xfb, 0x0,
    0x0, 0x0, 0x0, 0xc, 0xff, 0xfe, 0xf, 0xff,
    0xff, 0x40, 0x0, 0x0, 0x0, 0x5f, 0xff, 0xfe,
    0xf, 0xff, 0xff, 0xd0, 0x0, 0x0, 0x0, 0xef,
    0xff, 0xfe, 0xf, 0xff, 0xff, 0xf7, 0x0, 0x0,
    0x8, 0xff, 0xff, 0xfe, 0xf, 0xff, 0xff, 0xff,
    0x10, 0x0, 0x2f, 0xff, 0xff, 0xfe, 0xf, 0xff,
    0xbf, 0xff, 0xa0, 0x0, 0xbf, 0xfd, 0xcf, 0xfe,
    0xf, 0xff, 0xa7, 0xff, 0xf4, 0x4, 0xff, 0xf4,
    0xbf, 0xfe, 0xf, 0xff, 0xa0, 0xdf, 0xfd, 0xd,
    0xff, 0xa0, 0xbf, 0xfe, 0xf, 0xff, 0xa0, 0x4f,
    0xff, 0xdf, 0xff, 0x10, 0xbf, 0xfe, 0xf, 0xff,
    0xa0, 0xa, 0xff, 0xff, 0xf7, 0x0, 0xbf, 0xfe,
    0xf, 0xff, 0xa0, 0x1, 0xff, 0xff, 0xd0, 0x0,
    0xbf, 0xfe, 0xf, 0xff, 0xa0, 0x0, 0x7f, 0xff,
    0x50, 0x0, 0xbf, 0xfe, 0xf, 0xff, 0xa0, 0x0,
    0xd, 0xfb, 0x0, 0x0, 0xbf, 0xfe, 0xf, 0xff,
    0xa0, 0x0, 0x1, 0x31, 0x0, 0x0, 0xbf, 0xfe,
    0xf, 0xff, 0xa0, 0x0, 0x0, 0x0, 0x0, 0x0,
    0xbf, 0xfe,

    /* U+004E "N" */
    0xf, 0xff, 0x90, 0x0, 0x0, 0x0, 0x7f, 0xff,
    0x60, 0xff, 0xff, 0x60, 0x0, 0x0, 0x7, 0xff,
    0xf6, 0xf, 0xff, 0xff, 0x30, 0x0, 0x0, 0x7f,
    0xff, 0x60, 0xff, 0xff, 0xfe, 0x10, 0x0, 0x7,
    0xff, 0xf6, 0xf, 0xff, 0xff, 0xfc, 0x0, 0x0,
    0x7f, 0xff, 0x60, 0xff, 0xff, 0xff, 0xfa, 0x0,
    0x7, 0xff, 0xf6, 0xf, 0xff, 0xff, 0xff, 0xf7,
    0x0, 0x7f, 0xff, 0x60, 0xff, 0xfd, 0x7f, 0xff,
    0xf4, 0x7, 0xff, 0xf6, 0xf, 0xff, 0xd0, 0xaf,
    0xff, 0xe2, 0x7f, 0xff, 0x60, 0xff, 0xfd, 0x0,
    0xdf, 0xff, 0xd7, 0xff, 0xf6, 0xf, 0xff, 0xd0,
    0x2, 0xef, 0xff, 0xff, 0xff, 0x60, 0xff, 0xfd,
    0x0, 0x4, 0xff, 0xff, 0xff, 0xf6, 0xf, 0xff,
    0xd0, 0x0, 0x7, 0xff, 0xff, 0xff, 0x60, 0xff,
    0xfd, 0x0, 0x0, 0xa, 0xff, 0xff, 0xf6, 0xf,
    0xff, 0xd0, 0x0, 0x0, 0xc, 0xff, 0xff, 0x60,
    0xff, 0xfd, 0x0, 0x0, 0x0, 0x1e, 0xff, 0xf6,
    0xf, 0xff, 0xd0, 0x0, 0x0, 0x0, 0x3f, 0xff,
    0x60,

    /* U+004F "O" */
    0x0, 0x0, 0x0, 0x5a, 0xdf, 0xfe, 0xb6, 0x10,
    0x0, 0x0, 0x0, 0x0, 0x4d, 0xff, 0xff, 0xff,
    0xff, 0xf7, 0x0, 0x0, 0x0, 0x7, 0xff, 0xff,
    0xff, 0xff, 0xff, 0xff, 0xb0, 0x0, 0x0, 0x6f,
    0xff, 0xfe, 0x95, 0x57, 0xdf, 0xff, 0xfa, 0x0,
    0x1, 0xff, 0xff, 0xa0, 0x0, 0x0, 0x7, 0xff,
    0xff, 0x40, 0x8, 0xff, 0xfc, 0x0, 0x0, 0x0,
    0x0, 0x8f, 0xff, 0xb0, 0xd, 0xff, 0xf4, 0x0,
    0x0, 0x0, 0x0, 0x1f, 0xff, 0xf1, 0xf, 0xff,
    0xf0, 0x0, 0x0, 0x0, 0x0, 0xb, 0xff, 0xf3,
    0xf, 0xff, 0xe0, 0x0, 0x0, 0x0, 0x0, 0xa,
    0xff, 0xf4, 0xf, 0xff, 0xf0, 0x0, 0x0, 0x0,
    0x0, 0xb, 0xff, 0xf3, 0xd, 0xff, 0xf4, 0x0,
    0x0, 0x0, 0x0, 0xf, 0xff, 0xf1, 0x8, 0xff,
    0xfc, 0x0, 0x0, 0x0, 0x0, 0x8f, 0xff, 0xc0,
    0x1, 0xff, 0xff, 0xa0, 0x0, 0x0, 0x7, 0xff,
    0xff, 0x40, 0x0, 0x6f, 0xff, 0xfe, 0x85, 0x57,
    0xdf, 0xff, 0xfa, 0x0, 0x0, 0x8, 0xff, 0xff,
    0xff, 0xff, 0xff, 0xff, 0xb0, 0x0, 0x0, 0x0,
    0x4e, 0xff, 0xff, 0xff, 0xff, 0xf7, 0x0, 0x0,
    0x0, 0x0, 0x0, 0x5a, 0xdf, 0xfe, 0xb7, 0x10,
    0x0, 0x0,

    /* U+0050 "P" */
    0xf, 0xff, 0xff, 0xff, 0xfe, 0xc7, 0x10, 0x0,
    0xf, 0xff, 0xff, 0xff, 0xff, 0xff, 0xf6, 0x0,
    0xf, 0xff, 0xff, 0xff, 0xff, 0xff, 0xff, 0x50,
    0xf, 0xff, 0xe2, 0x22, 0x35, 0xcf, 0xff, 0xe0,
    0xf, 0xff, 0xe0, 0x0, 0x0, 0xd, 0xff, 0xf5,
    0xf, 0xff, 0xe0, 0x0, 0x0, 0x7, 0xff, 0xf7,
    0xf, 0xff, 0xe0, 0x0, 0x0, 0x7, 0xff, 0xf8,
    0xf, 0xff, 0xe0, 0x0, 0x0, 0xc, 0xff, 0xf6,
    0xf, 0xff, 0xe0, 0x0, 0x3, 0xaf, 0xff, 0xf1,
    0xf, 0xff, 0xff, 0xff, 0xff, 0xff, 0xff, 0x70,
    0xf, 0xff, 0xff, 0xff, 0xff, 0xff, 0xf8, 0x0,
    0xf, 0xff, 0xff, 0xff, 0xff, 0xe9, 0x30, 0x0,
    0xf, 0xff, 0xe2, 0x22, 0x10, 0x0, 0x0, 0x0,
    0xf, 0xff, 0xe0, 0x0, 0x0, 0x0, 0x0, 0x0,
    0xf, 0xff, 0xe0, 0x0, 0x0, 0x0, 0x0, 0x0,
    0xf, 0xff, 0xe0, 0x0, 0x0, 0x0, 0x0, 0x0,
    0xf, 0xff, 0xe0, 0x0, 0x0, 0x0, 0x0, 0x0,

    /* U+0051 "Q" */
    0x0, 0x0, 0x0, 0x5a, 0xdf, 0xfe, 0xb6, 0x0,
    0x0, 0x0, 0x0, 0x0, 0x4, 0xdf, 0xff, 0xff,
    0xff, 0xfe, 0x70, 0x0, 0x0, 0x0, 0x7, 0xff,
    0xff, 0xff, 0xff, 0xff, 0xff, 0xa0, 0x0, 0x0,
    0x5, 0xff, 0xff, 0xe9, 0x65, 0x7d, 0xff, 0xff,
    0x90, 0x0, 0x1, 0xef, 0xff, 0xb1, 0x0, 0x0,
    0x8, 0xff, 0xff, 0x30, 0x0, 0x7f, 0xff, 0xd0,
    0x0, 0x0, 0x0, 0x9, 0xff, 0xfb, 0x0, 0xc,
    0xff, 0xf4, 0x0, 0x0, 0x0, 0x0, 0x1f, 0xff,
    0xf0, 0x0, 0xff, 0xff, 0x0, 0x0, 0x0, 0x0,
    0x0, 0xcf, 0xff, 0x30, 0xf, 0xff, 0xe0, 0x0,
    0x0, 0x0, 0x0, 0xa, 0xff, 0xf4, 0x0, 0xff,
    0xff, 0x0, 0x0, 0x0, 0x0, 0x0, 0xbf, 0xff,
    0x30, 0xd, 0xff, 0xf3, 0x0, 0x0, 0x0, 0x0,
    0xe, 0xff, 0xf1, 0x0, 0x8f, 0xff, 0xa0, 0x0,
    0x0, 0x0, 0x6, 0xff, 0xfc, 0x0, 0x2, 0xff,
    0xff, 0x70, 0x0, 0x0, 0x3, 0xff, 0xff, 0x60,
    0x0, 0x8, 0xff, 0xff, 0xb4, 0x0, 0x28, 0xff,
    0xff, 0xc0, 0x0, 0x0, 0xb, 0xff, 0xff, 0xff,
    0xff, 0xff, 0xff, 0xd1, 0x0, 0x0, 0x0, 0x9,
    0xff, 0xff, 0xff, 0xff, 0xff, 0xb1, 0x0, 0x0,
    0x0, 0x0, 0x2, 0xae, 0xff, 0xff, 0xfc, 0x40,
    0x0, 0x0, 0x0, 0x0, 0x0, 0x0, 0x2, 0xdf,
    0xff, 0xe4, 0x1, 0x8e, 0x20, 0x0, 0x0, 0x0,
    0x0, 0x1, 0xcf, 0xff, 0xff, 0xff, 0xfd, 0x0,
    0x0, 0x0, 0x0, 0x0, 0x0, 0x9f, 0xff, 0xff,
    0xff, 0x70, 0x0, 0x0, 0x0, 0x0, 0x0, 0x0,
    0x28, 0xcd, 0xc9, 0x20, 0x0,

    /* U+0052 "R" */
    0xf, 0xff, 0xff, 0xff, 0xfe, 0xc7, 0x10, 0x0,
    0xf, 0xff, 0xff, 0xff, 0xff, 0xff, 0xf6, 0x0,
    0xf, 0xff, 0xff, 0xff, 0xff, 0xff, 0xff, 0x60,
    0xf, 0xff, 0xe2, 0x22, 0x35, 0xcf, 0xff, 0xf1,
    0xf, 0xff, 0xe0, 0x0, 0x0, 0xd, 0xff, 0xf5,
    0xf, 0xff, 0xe0, 0x0, 0x0, 0x7, 0xff, 0xf8,
    0xf, 0xff, 0xe0, 0x0, 0x0, 0x7, 0xff, 0xf8,
    0xf, 0xff, 0xe0, 0x0, 0x0, 0xc, 0xff, 0xf5,
    0xf, 0xff, 0xe0, 0x0, 0x3, 0xbf, 0xff, 0xf1,
    0xf, 0xff, 0xff, 0xff, 0xff, 0xff, 0xff, 0x70,
    0xf, 0xff, 0xff, 0xff, 0xff, 0xff, 0xf7, 0x0,
    0xf, 0xff, 0xff, 0xff, 0xff, 0xff, 0x50, 0x0,
    0xf, 0xff, 0xe1, 0x11, 0x4f, 0xff, 0xd0, 0x0,
    0xf, 0xff, 0xe0, 0x0, 0x9, 0xff, 0xf8, 0x0,
    0xf, 0xff, 0xe0, 0x0, 0x0, 0xef, 0xff, 0x30,
    0xf, 0xff, 0xe0, 0x0, 0x0, 0x4f, 0xff, 0xd0,
    0xf, 0xff, 0xe0, 0x0, 0x0, 0xa, 0xff, 0xf8,

    /* U+0053 "S" */
    0x0, 0x0, 0x6b, 0xdf, 0xfe, 0xb8, 0x20, 0x0,
    0x3, 0xef, 0xff, 0xff, 0xff, 0xff, 0xa0, 0x2,
    0xff, 0xff, 0xff, 0xff, 0xff, 0xf8, 0x0, 0xaf,
    0xff, 0xc5, 0x22, 0x47, 0xdf, 0x10, 0xe, 0xff,
    0xf0, 0x0, 0x0, 0x0, 0x30, 0x0, 0xff, 0xff,
    0x10, 0x0, 0x0, 0x0, 0x0, 0xc, 0xff, 0xfe,
    0x73, 0x0, 0x0, 0x0, 0x0, 0x4f, 0xff, 0xff,
    0xff, 0xb7, 0x10, 0x0, 0x0, 0x4d, 0xff, 0xff,
    0xff, 0xff, 0xa1, 0x0, 0x0, 0x5, 0xae, 0xff,
    0xff, 0xff, 0xd0, 0x0, 0x0, 0x0, 0x2, 0x6b,
    0xff, 0xff, 0x60, 0x0, 0x0, 0x0, 0x0, 0x7,
    0xff, 0xf9, 0x2, 0x70, 0x0, 0x0, 0x0, 0x5f,
    0xff, 0x80, 0x9f, 0xe9, 0x52, 0x12, 0x6e, 0xff,
    0xf5, 0x1f, 0xff, 0xff, 0xff, 0xff, 0xff, 0xfc,
    0x0, 0x9f, 0xff, 0xff, 0xff, 0xff, 0xfb, 0x10,
    0x0, 0x16, 0xad, 0xef, 0xed, 0x94, 0x0, 0x0,

    /* U+0054 "T" */
    0xef, 0xff, 0xff, 0xff, 0xff, 0xff, 0xff, 0xbe,
    0xff, 0xff, 0xff, 0xff, 0xff, 0xff, 0xfb, 0xef,
    0xff, 0xff, 0xff, 0xff, 0xff, 0xff, 0xb2, 0x22,
    0x22, 0x9f, 0xff, 0x72, 0x22, 0x21, 0x0, 0x0,
    0x8, 0xff, 0xf5, 0x0, 0x0, 0x0, 0x0, 0x0,
    0x8f, 0xff, 0x50, 0x0, 0x0, 0x0, 0x0, 0x8,
    0xff, 0xf5, 0x0, 0x0, 0x0, 0x0, 0x0, 0x8f,
    0xff, 0x50, 0x0, 0x0, 0x0, 0x0, 0x8, 0xff,
    0xf5, 0x0, 0x0, 0x0, 0x0, 0x0, 0x8f, 0xff,
    0x50, 0x0, 0x0, 0x0, 0x0, 0x8, 0xff, 0xf5,
    0x0, 0x0, 0x0, 0x0, 0x0, 0x8f, 0xff, 0x50,
    0x0, 0x0, 0x0, 0x0, 0x8, 0xff, 0xf5, 0x0,
    0x0, 0x0, 0x0, 0x0, 0x8f, 0xff, 0x50, 0x0,
    0x0, 0x0, 0x0, 0x8, 0xff, 0xf5, 0x0, 0x0,
    0x0, 0x0, 0x0, 0x8f, 0xff, 0x50, 0x0, 0x0,
    0x0, 0x0, 0x8, 0xff, 0xf5, 0x0, 0x0, 0x0,

    /* U+0055 "U" */
    0x2f, 0xff, 0xb0, 0x0, 0x0, 0x0, 0xcf, 0xff,
    0x12, 0xff, 0xfb, 0x0, 0x0, 0x0, 0xc, 0xff,
    0xf1, 0x2f, 0xff, 0xb0, 0x0, 0x0, 0x0, 0xcf,
    0xff, 0x12, 0xff, 0xfb, 0x0, 0x0, 0x0, 0xc,
    0xff, 0xf1, 0x2f, 0xff, 0xb0, 0x0, 0x0, 0x0,
    0xcf, 0xff, 0x12, 0xff, 0xfb, 0x0, 0x0, 0x0,
    0xc, 0xff, 0xf1, 0x2f, 0xff, 0xb0, 0x0, 0x0,
    0x0, 0xcf, 0xff, 0x12, 0xff, 0xfb, 0x0, 0x0,
    0x0, 0xc, 0xff, 0xf1, 0x2f, 0xff, 0xb0, 0x0,
    0x0, 0x0, 0xcf, 0xff, 0x12, 0xff, 0xfb, 0x0,
    0x0, 0x0, 0xc, 0xff, 0xf0, 0x1f, 0xff, 0xd0,
    0x0, 0x0, 0x0, 0xef, 0xff, 0x0, 0xef, 0xff,
    0x10, 0x0, 0x0, 0x2f, 0xff, 0xd0, 0xa, 0xff,
    0xf9, 0x0, 0x0, 0xa, 0xff, 0xf9, 0x0, 0x3f,
    0xff, 0xfc, 0x64, 0x6c, 0xff, 0xff, 0x20, 0x0,
    0x8f, 0xff, 0xff, 0xff, 0xff, 0xff, 0x70, 0x0,
    0x0, 0x8f, 0xff, 0xff, 0xff, 0xff, 0x70, 0x0,
    0x0, 0x0, 0x28, 0xce, 0xfe, 0xc8, 0x10, 0x0,
    0x0,

    /* U+0056 "V" */
    0xf, 0xff, 0xf3, 0x0, 0x0, 0x0, 0x0, 0xe,
    0xff, 0xe0, 0x9, 0xff, 0xf9, 0x0, 0x0, 0x0,
    0x0, 0x5f, 0xff, 0x70, 0x2, 0xff, 0xff, 0x10,
    0x0, 0x0, 0x0, 0xcf, 0xff, 0x10, 0x0, 0xbf,
    0xff, 0x70, 0x0, 0x0, 0x3, 0xff, 0xfa, 0x0,
    0x0, 0x4f, 0xff, 0xd0, 0x0, 0x0, 0xa, 0xff,
    0xf3, 0x0, 0x0, 0xd, 0xff, 0xf4, 0x0, 0x0,
    0x1f, 0xff, 0xc0, 0x0, 0x0, 0x7, 0xff, 0xfb,
    0x0, 0x0, 0x7f, 0xff, 0x50, 0x0, 0x0, 0x1,
    0xff, 0xff, 0x20, 0x0, 0xef, 0xfe, 0x0, 0x0,
    0x0, 0x0, 0x9f, 0xff, 0x80, 0x5, 0xff, 0xf8,
    0x0, 0x0, 0x0, 0x0, 0x2f, 0xff, 0xe0, 0xc,
    0xff, 0xf1, 0x0, 0x0, 0x0, 0x0, 0xb, 0xff,
    0xf6, 0x3f, 0xff, 0xa0, 0x0, 0x0, 0x0, 0x0,
    0x5, 0xff, 0xfd, 0xaf, 0xff, 0x30, 0x0, 0x0,
    0x0, 0x0, 0x0, 0xef, 0xff, 0xff, 0xfc, 0x0,
    0x0, 0x0, 0x0, 0x0, 0x0, 0x7f, 0xff, 0xff,
    0xf5, 0x0, 0x0, 0x0, 0x0, 0x0, 0x0, 0x1f,
    0xff, 0xff, 0xe0, 0x0, 0x0, 0x0, 0x0, 0x0,
    0x0, 0x9, 0xff, 0xff, 0x80, 0x0, 0x0, 0x0,
    0x0, 0x0, 0x0, 0x2, 0xff, 0xff, 0x10, 0x0,
    0x0, 0x0,

    /* U+0057 "W" */
    0x4f, 0xff, 0xb0, 0x0, 0x0, 0x0, 0xdf, 0xff,
    0x10, 0x0, 0x0, 0x8, 0xff, 0xf3, 0xf, 0xff,
    0xf0, 0x0, 0x0, 0x2, 0xff, 0xff, 0x60, 0x0,
    0x0, 0xd, 0xff, 0xe0, 0xa, 0xff, 0xf5, 0x0,
    0x0, 0x8, 0xff, 0xff, 0xb0, 0x0, 0x0, 0x2f,
    0xff, 0x90, 0x5, 0xff, 0xfa, 0x0, 0x0, 0xd,
    0xff, 0xff, 0xf0, 0x0, 0x0, 0x7f, 0xff, 0x40,
    0x0, 0xff, 0xff, 0x0, 0x0, 0x2f, 0xff, 0xff,
    0xf5, 0x0, 0x0, 0xcf, 0xfe, 0x0, 0x0, 0xaf,
    0xff, 0x40, 0x0, 0x8f, 0xff, 0xff, 0xfa, 0x0,
    0x2, 0xff, 0xf9, 0x0, 0x0, 0x5f, 0xff, 0xa0,
    0x0, 0xdf, 0xfa, 0xaf, 0xff, 0x0, 0x7, 0xff,
    0xf4, 0x0, 0x0, 0xf, 0xff, 0xe0, 0x2, 0xff,
    0xf5, 0x5f, 0xff, 0x40, 0xc, 0xff, 0xf0, 0x0,
    0x0, 0xb, 0xff, 0xf4, 0x8, 0xff, 0xf0, 0xf,
    0xff, 0x90, 0x1f, 0xff, 0xa0, 0x0, 0x0, 0x6,
    0xff, 0xf9, 0xd, 0xff, 0xa0, 0xb, 0xff, 0xe0,
    0x6f, 0xff, 0x50, 0x0, 0x0, 0x1, 0xff, 0xfe,
    0x2f, 0xff, 0x50, 0x5, 0xff, 0xf4, 0xcf, 0xff,
    0x0, 0x0, 0x0, 0x0, 0xbf, 0xff, 0xbf, 0xff,
    0x0, 0x1, 0xff, 0xfa, 0xff, 0xfa, 0x0, 0x0,
    0x0, 0x0, 0x6f, 0xff, 0xff, 0xfb, 0x0, 0x0,
    0xbf, 0xff, 0xff, 0xf5, 0x0, 0x0, 0x0, 0x0,
    0x1f, 0xff, 0xff, 0xf5, 0x0, 0x0, 0x6f, 0xff,
    0xff, 0xf0, 0x0, 0x0, 0x0, 0x0, 0xc, 0xff,
    0xff, 0xf0, 0x0, 0x0, 0x1f, 0xff, 0xff, 0xb0,
    0x0, 0x0, 0x0, 0x0, 0x7, 0xff, 0xff, 0xb0,
    0x0, 0x0, 0xc, 0xff, 0xff, 0x50, 0x0, 0x0,
    0x0, 0x0, 0x1, 0xff, 0xff, 0x50, 0x0, 0x0,
    0x7, 0xff, 0xff, 0x10, 0x0, 0x0,

    /* U+0058 "X" */
    0x4f, 0xff, 0xf2, 0x0, 0x0, 0x0, 0xdf, 0xff,
    0x40, 0x8, 0xff, 0xfd, 0x0, 0x0, 0x9, 0xff,
    0xf9, 0x0, 0x0, 0xdf, 0xff, 0x80, 0x0, 0x4f,
    0xff, 0xd0, 0x0, 0x0, 0x2f, 0xff, 0xf4, 0x1,
    0xef, 0xff, 0x20, 0x0, 0x0, 0x7, 0xff, 0xfe,
    0x1a, 0xff, 0xf7, 0x0, 0x0, 0x0, 0x0, 0xbf,
    0xff, 0xdf, 0xff, 0xb0, 0x0, 0x0, 0x0, 0x0,
    0x1e, 0xff, 0xff, 0xfe, 0x10, 0x0, 0x0, 0x0,
    0x0, 0x5, 0xff, 0xff, 0xf4, 0x0, 0x0, 0x0,
    0x0, 0x0, 0x0, 0xef, 0xff, 0xf1, 0x0, 0x0,
    0x0, 0x0, 0x0, 0x8, 0xff, 0xff, 0xfb, 0x0,
    0x0, 0x0, 0x0, 0x0, 0x4f, 0xff, 0xff, 0xff,
    0x60, 0x0, 0x0, 0x0, 0x1, 0xef, 0xff, 0x7f,
    0xff, 0xf2, 0x0, 0x0, 0x0, 0xb, 0xff, 0xf9,
    0x8, 0xff, 0xfd, 0x0, 0x0, 0x0, 0x6f, 0xff,
    0xd0, 0x0, 0xcf, 0xff, 0x90, 0x0, 0x2, 0xff,
    0xff, 0x30, 0x0, 0x2f, 0xff, 0xf4, 0x0, 0xd,
    0xff, 0xf8, 0x0, 0x0, 0x7, 0xff, 0xfe, 0x10,
    0x9f, 0xff, 0xd0, 0x0, 0x0, 0x0, 0xcf, 0xff,
    0xb0,

    /* U+0059 "Y" */
    0x1f, 0xff, 0xf2, 0x0, 0x0, 0x0, 0x8, 0xff,
    0xf4, 0x7, 0xff, 0xfa, 0x0, 0x0, 0x0, 0x2f,
    0xff, 0xb0, 0x0, 0xdf, 0xff, 0x40, 0x0, 0x0,
    0xbf, 0xff, 0x20, 0x0, 0x4f, 0xff, 0xd0, 0x0,
    0x5, 0xff, 0xf8, 0x0, 0x0, 0xa, 0xff, 0xf7,
    0x0, 0xe, 0xff, 0xd0, 0x0, 0x0, 0x1, 0xff,
    0xff, 0x10, 0x8f, 0xff, 0x50, 0x0, 0x0, 0x0,
    0x7f, 0xff, 0xa2, 0xff, 0xfb, 0x0, 0x0, 0x0,
    0x0, 0xd, 0xff, 0xfd, 0xff, 0xf2, 0x0, 0x0,
    0x0, 0x0, 0x4, 0xff, 0xff, 0xff, 0x80, 0x0,
    0x0, 0x0, 0x0, 0x0, 0xbf, 0xff, 0xfe, 0x0,
    0x0, 0x0, 0x0, 0x0, 0x0, 0x2f, 0xff, 0xf5,
    0x0, 0x0, 0x0, 0x0, 0x0, 0x0, 0xd, 0xff,
    0xf1, 0x0, 0x0, 0x0, 0x0, 0x0, 0x0, 0xd,
    0xff, 0xf1, 0x0, 0x0, 0x0, 0x0, 0x0, 0x0,
    0xd, 0xff, 0xf1, 0x0, 0x0, 0x0, 0x0, 0x0,
    0x0, 0xd, 0xff, 0xf1, 0x0, 0x0, 0x0, 0x0,
    0x0, 0x0, 0xd, 0xff, 0xf1, 0x0, 0x0, 0x0,
    0x0, 0x0, 0x0, 0xd, 0xff, 0xf1, 0x0, 0x0,
    0x0,

    /* U+005A "Z" */
    0xe, 0xff, 0xff, 0xff, 0xff, 0xff, 0xff, 0xf3,
    0xe, 0xff, 0xff, 0xff, 0xff, 0xff, 0xff, 0xf3,
    0xe, 0xff, 0xff, 0xff, 0xff, 0xff, 0xff, 0xf2,
    0x2, 0x22, 0x22, 0x22, 0x25, 0xff, 0xff, 0x60,
    0x0, 0x0, 0x0, 0x0, 0x1e, 0xff, 0xf9, 0x0,
    0x0, 0x0, 0x0, 0x0, 0xcf, 0xff, 0xc0, 0x0,
    0x0, 0x0, 0x0, 0x9, 0xff, 0xfe, 0x10, 0x0,
    0x0, 0x0, 0x0, 0x6f, 0xff, 0xf3, 0x0, 0x0,
    0x0, 0x0, 0x3, 0xff, 0xff, 0x60, 0x0, 0x0,
    0x0, 0x0, 0x1e, 0xff, 0xf9, 0x0, 0x0, 0x0,
    0x0, 0x0, 0xcf, 0xff, 0xb0, 0x0, 0x0, 0x0,
    0x0, 0xa, 0xff, 0xfd, 0x10, 0x0, 0x0, 0x0,
    0x0, 0x7f, 0xff, 0xf2, 0x0, 0x0, 0x0, 0x0,
    0x4, 0xff, 0xff, 0x72, 0x22, 0x22, 0x22, 0x21,
    0xf, 0xff, 0xff, 0xff, 0xff, 0xff, 0xff, 0xf9,
    0x1f, 0xff, 0xff, 0xff, 0xff, 0xff, 0xff, 0xf9,
    0x1f, 0xff, 0xff, 0xff, 0xff, 0xff, 0xff, 0xf9,

    /* U+005B "[" */
    0xf, 0xff, 0xff, 0xf8, 0xf, 0xff, 0xff, 0xf8,
    0xf, 0xff, 0xfe, 0xe7, 0xf, 0xff, 0xb0, 0x0,
    0xf, 0xff, 0xb0, 0x0, 0xf, 0xff, 0xb0, 0x0,
    0xf, 0xff, 0xb0, 0x0, 0xf, 0xff, 0xb0, 0x0,
    0xf, 0xff, 0xb0, 0x0, 0xf, 0xff, 0xb0, 0x0,
    0xf, 0xff, 0xb0, 0x0, 0xf, 0xff, 0xb0, 0x0,
    0xf, 0xff, 0xb0, 0x0, 0xf, 0xff, 0xb0, 0x0,
    0xf, 0xff, 0xb0, 0x0, 0xf, 0xff, 0xb0, 0x0,
    0xf, 0xff, 0xb0, 0x0, 0xf, 0xff, 0xb0, 0x0,
    0xf, 0xff, 0xb0, 0x0, 0xf, 0xff, 0xfe, 0xe7,
    0xf, 0xff, 0xff, 0xf8, 0xf, 0xff, 0xff, 0xf8,

    /* U+005C "\\" */
    0x7, 0x88, 0x30, 0x0, 0x0, 0x0, 0x0, 0xaf,
    0xfa, 0x0, 0x0, 0x0, 0x0, 0x5, 0xff, 0xf0,
    0x0, 0x0, 0x0, 0x0, 0xf, 0xff, 0x50, 0x0,
    0x0, 0x0, 0x0, 0xaf, 0xfb, 0x0, 0x0, 0x0,
    0x0, 0x4, 0xff, 0xf1, 0x0, 0x0, 0x0, 0x0,
    0xe, 0xff, 0x60, 0x0, 0x0, 0x0, 0x0, 0x9f,
    0xfc, 0x0, 0x0, 0x0, 0x0, 0x3, 0xff, 0xf1,
    0x0, 0x0, 0x0, 0x0, 0xd, 0xff, 0x70, 0x0,
    0x0, 0x0, 0x0, 0x8f, 0xfd, 0x0, 0x0, 0x0,
    0x0, 0x2, 0xff, 0xf2, 0x0, 0x0, 0x0, 0x0,
    0xc, 0xff, 0x80, 0x0, 0x0, 0x0, 0x0, 0x7f,
    0xfd, 0x0, 0x0, 0x0, 0x0, 0x1, 0xff, 0xf3,
    0x0, 0x0, 0x0, 0x0, 0xc, 0xff, 0x90, 0x0,
    0x0, 0x0, 0x0, 0x6f, 0xfe, 0x0, 0x0, 0x0,
    0x0, 0x1, 0xff, 0xf4, 0x0, 0x0, 0x0, 0x0,
    0xb, 0xff, 0xa0, 0x0, 0x0, 0x0, 0x0, 0x5f,
    0xff, 0x0, 0x0, 0x0, 0x0, 0x0, 0xff, 0xf5,
    0x0, 0x0, 0x0, 0x0, 0xa, 0xff, 0xb0, 0x0,
    0x0, 0x0, 0x0, 0x4f, 0xff, 0x10,

    /* U+005D "]" */
    0xaf, 0xff, 0xff, 0xda, 0xff, 0xff, 0xfd, 0x9e,
    0xef, 0xff, 0xd0, 0x0, 0xef, 0xfd, 0x0, 0xe,
    0xff, 0xd0, 0x0, 0xef, 0xfd, 0x0, 0xe, 0xff,
    0xd0, 0x0, 0xef, 0xfd, 0x0, 0xe, 0xff, 0xd0,
    0x0, 0xef, 0xfd, 0x0, 0xe, 0xff, 0xd0, 0x0,
    0xef, 0xfd, 0x0, 0xe, 0xff, 0xd0, 0x0, 0xef,
    0xfd, 0x0, 0xe, 0xff, 0xd0, 0x0, 0xef, 0xfd,
    0x0, 0xe, 0xff, 0xd0, 0x0, 0xef, 0xfd, 0x0,
    0xe, 0xff, 0xd9, 0xee, 0xff, 0xfd, 0xaf, 0xff,
    0xff, 0xda, 0xff, 0xff, 0xfd,

    /* U+005E "^" */
    0x0, 0x0, 0x8f, 0xfe, 0x0, 0x0, 0x0, 0x0,
    0xe, 0xff, 0xf5, 0x0, 0x0, 0x0, 0x5, 0xff,
    0xff, 0xc0, 0x0, 0x0, 0x0, 0xcf, 0xe9, 0xff,
    0x30, 0x0, 0x0, 0x3f, 0xf8, 0x2f, 0xfa, 0x0,
    0x0, 0xa, 0xff, 0x20, 0xbf, 0xf1, 0x0, 0x1,
    0xff, 0xb0, 0x4, 0xff, 0x80, 0x0, 0x8f, 0xf4,
    0x0, 0xe, 0xfe, 0x0, 0xe, 0xfd, 0x0, 0x0,
    0x7f, 0xf6, 0x6, 0xff, 0x70, 0x0, 0x1, 0xff,
    0xd0,

    /* U+005F "_" */
    0x22, 0x22, 0x22, 0x22, 0x22, 0x22, 0xff, 0xff,
    0xff, 0xff, 0xff, 0xff, 0xff, 0xff, 0xff, 0xff,
    0xff, 0xff,

    /* U+0060 "`" */
    0x48, 0x88, 0x20, 0x0, 0x9, 0xff, 0xe2, 0x0,
    0x0, 0x6f, 0xfe, 0x10, 0x0, 0x4, 0xef, 0xd1,

    /* U+0061 "a" */
    0x0, 0x17, 0xbe, 0xff, 0xda, 0x30, 0x0, 0x5,
    0xff, 0xff, 0xff, 0xff, 0xf8, 0x0, 0x1, 0xff,
    0xff, 0xff, 0xff, 0xff, 0x60, 0x0, 0x78, 0x30,
    0x1, 0x7f, 0xff, 0xd0, 0x0, 0x0, 0x0, 0x0,
    0xb, 0xff, 0xf0, 0x0, 0x29, 0xdf, 0xff, 0xff,
    0xff, 0xf2, 0x3, 0xff, 0xff, 0xff, 0xff, 0xff,
    0xf2, 0xc, 0xff, 0xf6, 0x32, 0x2a, 0xff, 0xf2,
    0x1f, 0xff, 0x90, 0x0, 0xa, 0xff, 0xf2, 0xf,
    0xff, 0xb0, 0x0, 0x3f, 0xff, 0xf2, 0xc, 0xff,
    0xfc, 0x8a, 0xff, 0xff, 0xf2, 0x3, 0xff, 0xff,
    0xff, 0xfc, 0xff, 0xf2, 0x0, 0x2a, 0xef, 0xeb,
    0x55, 0xff, 0xf2,

    /* U+0062 "b" */
    0x3d, 0xdd, 0x60, 0x0, 0x0, 0x0, 0x0, 0x4,
    0xff, 0xf7, 0x0, 0x0, 0x0, 0x0, 0x0, 0x4f,
    0xff, 0x70, 0x0, 0x0, 0x0, 0x0, 0x4, 0xff,
    0xf7, 0x0, 0x0, 0x0, 0x0, 0x0, 0x4f, 0xff,
    0x70, 0x0, 0x0, 0x0, 0x0, 0x4, 0xff, 0xf7,
    0x4b, 0xef, 0xda, 0x30, 0x0, 0x4f, 0xff, 0xdf,
    0xff, 0xff, 0xff, 0x80, 0x4, 0xff, 0xff, 0xff,
    0xff, 0xff, 0xff, 0x70, 0x4f, 0xff, 0xfd, 0x41,
    0x39, 0xff, 0xff, 0x14, 0xff, 0xfe, 0x10, 0x0,
    0x9, 0xff, 0xf8, 0x4f, 0xff, 0x90, 0x0, 0x0,
    0x2f, 0xff, 0xa4, 0xff, 0xf7, 0x0, 0x0, 0x0,
    0xff, 0xfc, 0x4f, 0xff, 0x90, 0x0, 0x0, 0x2f,
    0xff, 0xa4, 0xff, 0xfe, 0x10, 0x0, 0x9, 0xff,
    0xf8, 0x4f, 0xff, 0xfd, 0x41, 0x29, 0xff, 0xff,
    0x14, 0xff, 0xff, 0xff, 0xff, 0xff, 0xff, 0x80,
    0x4f, 0xff, 0xcf, 0xff, 0xff, 0xff, 0x80, 0x4,
    0xff, 0xf4, 0x4b, 0xef, 0xda, 0x30, 0x0,

    /* U+0063 "c" */
    0x0, 0x0, 0x49, 0xdf, 0xfd, 0x82, 0x0, 0x0,
    0x1a, 0xff, 0xff, 0xff, 0xff, 0x60, 0x0, 0xcf,
    0xff, 0xff, 0xff, 0xff, 0xf4, 0x7, 0xff, 0xfe,
    0x61, 0x17, 0xff, 0xe5, 0xe, 0xff, 0xf3, 0x0,
    0x0, 0x56, 0x0, 0x1f, 0xff, 0xb0, 0x0, 0x0,
    0x0, 0x0, 0x3f, 0xff, 0x90, 0x0, 0x0, 0x0,
    0x0, 0x1f, 0xff, 0xb0, 0x0, 0x0, 0x0, 0x0,
    0xe, 0xff, 0xf2, 0x0, 0x0, 0x56, 0x0, 0x7,
    0xff, 0xfe, 0x61, 0x17, 0xff, 0xd4, 0x0, 0xcf,
    0xff, 0xff, 0xff, 0xff, 0xf4, 0x0, 0x1a, 0xff,
    0xff, 0xff, 0xff, 0x60, 0x0, 0x0, 0x49, 0xdf,
    0xfd, 0x82, 0x0,

    /* U+0064 "d" */
    0x0, 0x0, 0x0, 0x0, 0x0, 0xb, 0xdd, 0xb0,
    0x0, 0x0, 0x0, 0x0, 0x0, 0xdf, 0xfe, 0x0,
    0x0, 0x0, 0x0, 0x0, 0xd, 0xff, 0xe0, 0x0,
    0x0, 0x0, 0x0, 0x0, 0xdf, 0xfe, 0x0, 0x0,
    0x0, 0x0, 0x0, 0xd, 0xff, 0xe0, 0x0, 0x6,
    0xce, 0xfd, 0x81, 0xdf, 0xfe, 0x0, 0x2c, 0xff,
    0xff, 0xff, 0xee, 0xff, 0xe0, 0xd, 0xff, 0xff,
    0xff, 0xff, 0xff, 0xfe, 0x8, 0xff, 0xfe, 0x61,
    0x27, 0xff, 0xff, 0xe0, 0xef, 0xff, 0x30, 0x0,
    0x6, 0xff, 0xfe, 0x1f, 0xff, 0xc0, 0x0, 0x0,
    0xf, 0xff, 0xe2, 0xff, 0xfa, 0x0, 0x0, 0x0,
    0xdf, 0xfe, 0x1f, 0xff, 0xc0, 0x0, 0x0, 0xf,
    0xff, 0xe0, 0xef, 0xff, 0x30, 0x0, 0x6, 0xff,
    0xfe, 0x8, 0xff, 0xfe, 0x61, 0x27, 0xff, 0xff,
    0xe0, 0xd, 0xff, 0xff, 0xff, 0xff, 0xff, 0xfe,
    0x0, 0x2d, 0xff, 0xff, 0xff, 0xed, 0xff, 0xe0,
    0x0, 0x6, 0xce, 0xfe, 0x91, 0xbf, 0xfe,

    /* U+0065 "e" */
    0x0, 0x0, 0x4a, 0xdf, 0xec, 0x60, 0x0, 0x0,
    0x1, 0xbf, 0xff, 0xff, 0xff, 0xe3, 0x0, 0x0,
    0xcf, 0xff, 0xfd, 0xef, 0xff, 0xf2, 0x0, 0x7f,
    0xff, 0x80, 0x0, 0x4e, 0xff, 0xb0, 0xe, 0xff,
    0xb0, 0x0, 0x0, 0x5f, 0xff, 0x21, 0xff, 0xff,
    0xff, 0xff, 0xff, 0xff, 0xf4, 0x3f, 0xff, 0xff,
    0xff, 0xff, 0xff, 0xff, 0x51, 0xff, 0xfb, 0x22,
    0x22, 0x22, 0x22, 0x20, 0xe, 0xff, 0xf2, 0x0,
    0x0, 0x2, 0x0, 0x0, 0x7f, 0xff, 0xe5, 0x10,
    0x29, 0xf3, 0x0, 0x0, 0xcf, 0xff, 0xff, 0xff,
    0xff, 0xe2, 0x0, 0x1, 0xaf, 0xff, 0xff, 0xff,
    0xfc, 0x10, 0x0, 0x0, 0x39, 0xdf, 0xfe, 0xa5,
    0x0, 0x0,

    /* U+0066 "f" */
    0x0, 0x0, 0x5b, 0xde, 0xc7, 0x0, 0x0, 0xaf,
    0xff, 0xff, 0xc0, 0x0, 0x6f, 0xff, 0xff, 0xf6,
    0x0, 0xb, 0xff, 0xf4, 0x2, 0x0, 0x0, 0xcf,
    0xfd, 0x0, 0x0, 0xd, 0xff, 0xff, 0xff, 0xff,
    0x20, 0xdf, 0xff, 0xff, 0xff, 0xf2, 0xb, 0xdf,
    0xff, 0xfd, 0xdd, 0x10, 0x0, 0xdf, 0xfe, 0x0,
    0x0, 0x0, 0xd, 0xff, 0xe0, 0x0, 0x0, 0x0,
    0xdf, 0xfe, 0x0, 0x0, 0x0, 0xd, 0xff, 0xe0,
    0x0, 0x0, 0x0, 0xdf, 0xfe, 0x0, 0x0, 0x0,
    0xd, 0xff, 0xe0, 0x0, 0x0, 0x0, 0xdf, 0xfe,
    0x0, 0x0, 0x0, 0xd, 0xff, 0xe0, 0x0, 0x0,
    0x0, 0xdf, 0xfe, 0x0, 0x0, 0x0, 0xd, 0xff,
    0xe0, 0x0, 0x0,

    /* U+0067 "g" */
    0x0, 0x0, 0x6c, 0xef, 0xd9, 0x18, 0xff, 0xf0,
    0x0, 0x2c, 0xff, 0xff, 0xff, 0xfb, 0xff, 0xf0,
    0x0, 0xdf, 0xff, 0xff, 0xff, 0xff, 0xff, 0xf0,
    0x8, 0xff, 0xfe, 0x62, 0x27, 0xff, 0xff, 0xf0,
    0xe, 0xff, 0xf3, 0x0, 0x0, 0x4f, 0xff, 0xf0,
    0x1f, 0xff, 0xb0, 0x0, 0x0, 0xd, 0xff, 0xf0,
    0x3f, 0xff, 0x90, 0x0, 0x0, 0xa, 0xff, 0xf0,
    0x1f, 0xff, 0xb0, 0x0, 0x0, 0xd, 0xff, 0xf0,
    0xe, 0xff, 0xf3, 0x0, 0x0, 0x4f, 0xff, 0xf0,
    0x8, 0xff, 0xfe, 0x62, 0x26, 0xff, 0xff, 0xf0,
    0x0, 0xdf, 0xff, 0xff, 0xff, 0xff, 0xff, 0xf0,
    0x0, 0x2d, 0xff, 0xff, 0xff, 0xfd, 0xff, 0xf0,
    0x0, 0x0, 0x6c, 0xef, 0xd9, 0x2c, 0xff, 0xe0,
    0x0, 0x0, 0x0, 0x0, 0x0, 0x2f, 0xff, 0xb0,
    0x0, 0x7d, 0x73, 0x0, 0x4, 0xdf, 0xff, 0x50,
    0x1, 0xff, 0xff, 0xff, 0xff, 0xff, 0xfc, 0x0,
    0x3, 0xdf, 0xff, 0xff, 0xff, 0xff, 0xb1, 0x0,
    0x0, 0x4, 0x9c, 0xef, 0xfd, 0xa4, 0x0, 0x0,

    /* U+0068 "h" */
    0x2a, 0xaa, 0x40, 0x0, 0x0, 0x0, 0x0, 0x4f,
    0xff, 0x70, 0x0, 0x0, 0x0, 0x0, 0x4f, 0xff,
    0x70, 0x0, 0x0, 0x0, 0x0, 0x4f, 0xff, 0x70,
    0x0, 0x0, 0x0, 0x0, 0x4f, 0xff, 0x70, 0x0,
    0x0, 0x0, 0x0, 0x4f, 0xff, 0x73, 0xae, 0xfe,
    0xa3, 0x0, 0x4f, 0xff, 0xdf, 0xff, 0xff, 0xff,
    0x70, 0x4f, 0xff, 0xff, 0xff, 0xff, 0xff, 0xf3,
    0x4f, 0xff, 0xfe, 0x64, 0x6e, 0xff, 0xf9, 0x4f,
    0xff, 0xf1, 0x0, 0x3, 0xff, 0xfc, 0x4f, 0xff,
    0xa0, 0x0, 0x0, 0xef, 0xfe, 0x4f, 0xff, 0x80,
    0x0, 0x0, 0xdf, 0xfe, 0x4f, 0xff, 0x70, 0x0,
    0x0, 0xdf, 0xfe, 0x4f, 0xff, 0x70, 0x0, 0x0,
    0xdf, 0xfe, 0x4f, 0xff, 0x70, 0x0, 0x0, 0xdf,
    0xfe, 0x4f, 0xff, 0x70, 0x0, 0x0, 0xdf, 0xfe,
    0x4f, 0xff, 0x70, 0x0, 0x0, 0xdf, 0xfe, 0x4f,
    0xff, 0x70, 0x0, 0x0, 0xdf, 0xfe,

    /* U+0069 "i" */
    0x1b, 0xfc, 0x39, 0xff, 0xfc, 0xaf, 0xff, 0xd2,
    0xdf, 0xe4, 0x0, 0x10, 0x0, 0x0, 0x0, 0x4f,
    0xff, 0x74, 0xff, 0xf7, 0x4f, 0xff, 0x74, 0xff,
    0xf7, 0x4f, 0xff, 0x74, 0xff, 0xf7, 0x4f, 0xff,
    0x74, 0xff, 0xf7, 0x4f, 0xff, 0x74, 0xff, 0xf7,
    0x4f, 0xff, 0x74, 0xff, 0xf7, 0x4f, 0xff, 0x70,

    /* U+006A "j" */
    0x0, 0x0, 0x0, 0x10, 0x0, 0x0, 0x0, 0x1c,
    0xff, 0x60, 0x0, 0x0, 0x7f, 0xff, 0xf0, 0x0,
    0x0, 0x6f, 0xff, 0xf0, 0x0, 0x0, 0xa, 0xfd,
    0x40, 0x0, 0x0, 0x0, 0x0, 0x0, 0x0, 0x0,
    0x1f, 0xff, 0xa0, 0x0, 0x0, 0x1f, 0xff, 0xa0,
    0x0, 0x0, 0x1f, 0xff, 0xa0, 0x0, 0x0, 0x1f,
    0xff, 0xa0, 0x0, 0x0, 0x1f, 0xff, 0xa0, 0x0,
    0x0, 0x1f, 0xff, 0xa0, 0x0, 0x0, 0x1f, 0xff,
    0xa0, 0x0, 0x0, 0x1f, 0xff, 0xa0, 0x0, 0x0,
    0x1f, 0xff, 0xa0, 0x0, 0x0, 0x1f, 0xff, 0xa0,
    0x0, 0x0, 0x1f, 0xff, 0xa0, 0x0, 0x0, 0x1f,
    0xff, 0xa0, 0x0, 0x0, 0x1f, 0xff, 0xa0, 0x0,
    0x0, 0x2f, 0xff, 0x90, 0x1, 0x10, 0x9f, 0xff,
    0x70, 0x9, 0xff, 0xff, 0xff, 0x20, 0xe, 0xff,
    0xff, 0xf7, 0x0, 0x19, 0xdf, 0xfb, 0x40, 0x0,

    /* U+006B "k" */
    0x2a, 0xaa, 0x40, 0x0, 0x0, 0x0, 0x0, 0x4,
    0xff, 0xf7, 0x0, 0x0, 0x0, 0x0, 0x0, 0x4f,
    0xff, 0x70, 0x0, 0x0, 0x0, 0x0, 0x4, 0xff,
    0xf7, 0x0, 0x0, 0x0, 0x0, 0x0, 0x4f, 0xff,
    0x70, 0x0, 0x0, 0x0, 0x0, 0x4, 0xff, 0xf7,
    0x0, 0x0, 0x9f, 0xff, 0xd1, 0x4f, 0xff, 0x70,
    0x0, 0xaf, 0xff, 0xd1, 0x4, 0xff, 0xf7, 0x0,
    0xaf, 0xff, 0xd1, 0x0, 0x4f, 0xff, 0x70, 0xbf,
    0xff, 0xe1, 0x0, 0x4, 0xff, 0xf8, 0xcf, 0xff,
    0xe2, 0x0, 0x0, 0x4f, 0xff, 0xff, 0xff, 0xf4,
    0x0, 0x0, 0x4, 0xff, 0xff, 0xff, 0xff, 0xc0,
    0x0, 0x0, 0x4f, 0xff, 0xff, 0xff, 0xff, 0x90,
    0x0, 0x4, 0xff, 0xff, 0xa4, 0xff, 0xff, 0x50,
    0x0, 0x4f, 0xff, 0xb0, 0x7, 0xff, 0xff, 0x20,
    0x4, 0xff, 0xf7, 0x0, 0xa, 0xff, 0xfd, 0x10,
    0x4f, 0xff, 0x70, 0x0, 0xc, 0xff, 0xfb, 0x4,
    0xff, 0xf7, 0x0, 0x0, 0x1e, 0xff, 0xf7,

    /* U+006C "l" */
    0x2a, 0xaa, 0x44, 0xff, 0xf7, 0x4f, 0xff, 0x74,
    0xff, 0xf7, 0x4f, 0xff, 0x74, 0xff, 0xf7, 0x4f,
    0xff, 0x74, 0xff, 0xf7, 0x4f, 0xff, 0x74, 0xff,
    0xf7, 0x4f, 0xff, 0x74, 0xff, 0xf7, 0x4f, 0xff,
    0x74, 0xff, 0xf7, 0x4f, 0xff, 0x74, 0xff, 0xf7,
    0x4f, 0xff, 0x74, 0xff, 0xf7,

    /* U+006D "m" */
    0x4f, 0xff, 0x45, 0xbe, 0xfe, 0x92, 0x0, 0x6c,
    0xef, 0xd9, 0x10, 0x4, 0xff, 0xfd, 0xff, 0xff,
    0xff, 0xf5, 0xdf, 0xff, 0xff, 0xfe, 0x20, 0x4f,
    0xff, 0xff, 0xff, 0xff, 0xff, 0xff, 0xff, 0xff,
    0xff, 0xfd, 0x4, 0xff, 0xff, 0xb2, 0x15, 0xff,
    0xff, 0xfb, 0x21, 0x5f, 0xff, 0xf3, 0x4f, 0xff,
    0xe0, 0x0, 0x8, 0xff, 0xfe, 0x0, 0x0, 0x7f,
    0xff, 0x64, 0xff, 0xf9, 0x0, 0x0, 0x5f, 0xff,
    0x90, 0x0, 0x4, 0xff, 0xf8, 0x4f, 0xff, 0x70,
    0x0, 0x4, 0xff, 0xf8, 0x0, 0x0, 0x3f, 0xff,
    0x84, 0xff, 0xf7, 0x0, 0x0, 0x4f, 0xff, 0x80,
    0x0, 0x3, 0xff, 0xf8, 0x4f, 0xff, 0x70, 0x0,
    0x4, 0xff, 0xf8, 0x0, 0x0, 0x3f, 0xff, 0x84,
    0xff, 0xf7, 0x0, 0x0, 0x4f, 0xff, 0x80, 0x0,
    0x3, 0xff, 0xf8, 0x4f, 0xff, 0x70, 0x0, 0x4,
    0xff, 0xf8, 0x0, 0x0, 0x3f, 0xff, 0x84, 0xff,
    0xf7, 0x0, 0x0, 0x4f, 0xff, 0x80, 0x0, 0x3,
    0xff, 0xf8, 0x4f, 0xff, 0x70, 0x0, 0x4, 0xff,
    0xf8, 0x0, 0x0, 0x3f, 0xff, 0x80,

    /* U+006E "n" */
    0x4f, 0xff, 0x44, 0xbe, 0xfe, 0xa3, 0x0, 0x4f,
    0xff, 0xdf, 0xff, 0xff, 0xff, 0x70, 0x4f, 0xff,
    0xff, 0xff, 0xff, 0xff, 0xf3, 0x4f, 0xff, 0xfc,
    0x30, 0x3c, 0xff, 0xf9, 0x4f, 0xff, 0xe0, 0x0,
    0x2, 0xff, 0xfc, 0x4f, 0xff, 0x90, 0x0, 0x0,
    0xef, 0xfe, 0x4f, 0xff, 0x70, 0x0, 0x0, 0xdf,
    0xfe, 0x4f, 0xff, 0x70, 0x0, 0x0, 0xdf, 0xfe,
    0x4f, 0xff, 0x70, 0x0, 0x0, 0xdf, 0xfe, 0x4f,
    0xff, 0x70, 0x0, 0x0, 0xdf, 0xfe, 0x4f, 0xff,
    0x70, 0x0, 0x0, 0xdf, 0xfe, 0x4f, 0xff, 0x70,
    0x0, 0x0, 0xdf, 0xfe, 0x4f, 0xff, 0x70, 0x0,
    0x0, 0xdf, 0xfe,

    /* U+006F "o" */
    0x0, 0x0, 0x4a, 0xdf, 0xed, 0x82, 0x0, 0x0,
    0x1, 0xaf, 0xff, 0xff, 0xff, 0xf7, 0x0, 0x0,
    0xcf, 0xff, 0xff, 0xff, 0xff, 0xf8, 0x0, 0x7f,
    0xff, 0xe5, 0x12, 0x8f, 0xff, 0xf3, 0xe, 0xff,
    0xf2, 0x0, 0x0, 0x7f, 0xff, 0x91, 0xff, 0xfb,
    0x0, 0x0, 0x0, 0xff, 0xfd, 0x3f, 0xff, 0x90,
    0x0, 0x0, 0xe, 0xff, 0xe1, 0xff, 0xfb, 0x0,
    0x0, 0x0, 0xff, 0xfd, 0xe, 0xff, 0xf2, 0x0,
    0x0, 0x7f, 0xff, 0x90, 0x7f, 0xff, 0xe5, 0x12,
    0x8f, 0xff, 0xf3, 0x0, 0xcf, 0xff, 0xff, 0xff,
    0xff, 0xf8, 0x0, 0x1, 0xaf, 0xff, 0xff, 0xff,
    0xf7, 0x0, 0x0, 0x0, 0x4a, 0xdf, 0xed, 0x82,
    0x0, 0x0,

    /* U+0070 "p" */
    0x4f, 0xff, 0x46, 0xce, 0xfd, 0xa3, 0x0, 0x4,
    0xff, 0xfd, 0xff, 0xff, 0xff, 0xf8, 0x0, 0x4f,
    0xff, 0xff, 0xfe, 0xff, 0xff, 0xf7, 0x4, 0xff,
    0xff, 0xb1, 0x0, 0x6f, 0xff, 0xf1, 0x4f, 0xff,
    0xe0, 0x0, 0x0, 0x8f, 0xff, 0x74, 0xff, 0xf9,
    0x0, 0x0, 0x2, 0xff, 0xfa, 0x4f, 0xff, 0x70,
    0x0, 0x0, 0xf, 0xff, 0xc4, 0xff, 0xf9, 0x0,
    0x0, 0x2, 0xff, 0xfa, 0x4f, 0xff, 0xe1, 0x0,
    0x0, 0xaf, 0xff, 0x84, 0xff, 0xff, 0xd4, 0x13,
    0x9f, 0xff, 0xf2, 0x4f, 0xff, 0xff, 0xff, 0xff,
    0xff, 0xf8, 0x4, 0xff, 0xfd, 0xff, 0xff, 0xff,
    0xf8, 0x0, 0x4f, 0xff, 0x74, 0xbe, 0xfd, 0xa3,
    0x0, 0x4, 0xff, 0xf7, 0x0, 0x0, 0x0, 0x0,
    0x0, 0x4f, 0xff, 0x70, 0x0, 0x0, 0x0, 0x0,
    0x4, 0xff, 0xf7, 0x0, 0x0, 0x0, 0x0, 0x0,
    0x4f, 0xff, 0x70, 0x0, 0x0, 0x0, 0x0, 0x4,
    0xff, 0xf7, 0x0, 0x0, 0x0, 0x0, 0x0,

    /* U+0071 "q" */
    0x0, 0x0, 0x6c, 0xef, 0xd9, 0x1c, 0xff, 0xd0,
    0x2, 0xdf, 0xff, 0xff, 0xfe, 0xdf, 0xfd, 0x1,
    0xdf, 0xff, 0xff, 0xff, 0xff, 0xff, 0xd0, 0x8f,
    0xff, 0xe5, 0x12, 0x8f, 0xff, 0xfd, 0xe, 0xff,
    0xf2, 0x0, 0x0, 0x7f, 0xff, 0xd1, 0xff, 0xfb,
    0x0, 0x0, 0x0, 0xff, 0xfd, 0x3f, 0xff, 0x90,
    0x0, 0x0, 0xe, 0xff, 0xd1, 0xff, 0xfb, 0x0,
    0x0, 0x0, 0xff, 0xfd, 0xe, 0xff, 0xf2, 0x0,
    0x0, 0x7f, 0xff, 0xd0, 0x9f, 0xff, 0xe5, 0x12,
    0x8f, 0xff, 0xfd, 0x1, 0xef, 0xff, 0xff, 0xff,
    0xff, 0xff, 0xd0, 0x2, 0xdf, 0xff, 0xff, 0xfe,
    0xff, 0xfd, 0x0, 0x0, 0x6c, 0xef, 0xd8, 0x1e,
    0xff, 0xd0, 0x0, 0x0, 0x0, 0x0, 0x0, 0xef,
    0xfd, 0x0, 0x0, 0x0, 0x0, 0x0, 0xe, 0xff,
    0xd0, 0x0, 0x0, 0x0, 0x0, 0x0, 0xef, 0xfd,
    0x0, 0x0, 0x0, 0x0, 0x0, 0xe, 0xff, 0xd0,
    0x0, 0x0, 0x0, 0x0, 0x0, 0xef, 0xfd,

    /* U+0072 "r" */
    0x4f, 0xff, 0x44, 0xae, 0xb4, 0xff, 0xfb, 0xff,
    0xfc, 0x4f, 0xff, 0xff, 0xff, 0xc4, 0xff, 0xff,
    0xe7, 0x42, 0x4f, 0xff, 0xf2, 0x0, 0x4, 0xff,
    0xfa, 0x0, 0x0, 0x4f, 0xff, 0x80, 0x0, 0x4,
    0xff, 0xf7, 0x0, 0x0, 0x4f, 0xff, 0x70, 0x0,
    0x4, 0xff, 0xf7, 0x0, 0x0, 0x4f, 0xff, 0x70,
    0x0, 0x4, 0xff, 0xf7, 0x0, 0x0, 0x4f, 0xff,
    0x70, 0x0, 0x0,

    /* U+0073 "s" */
    0x0, 0x7, 0xbe, 0xff, 0xda, 0x60, 0x0, 0x2d,
    0xff, 0xff, 0xff, 0xff, 0x80, 0xc, 0xff, 0xff,
    0xde, 0xff, 0xf1, 0x2, 0xff, 0xfa, 0x0, 0x0,
    0x46, 0x0, 0x2f, 0xff, 0xa1, 0x0, 0x0, 0x0,
    0x0, 0xef, 0xff, 0xfd, 0xa7, 0x30, 0x0, 0x3,
    0xef, 0xff, 0xff, 0xff, 0xd2, 0x0, 0x0, 0x59,
    0xcf, 0xff, 0xff, 0xd0, 0x0, 0x0, 0x0, 0x2,
    0xbf, 0xff, 0x10, 0x79, 0x30, 0x0, 0xa, 0xff,
    0xf1, 0xe, 0xff, 0xfd, 0xdf, 0xff, 0xfc, 0x4,
    0xff, 0xff, 0xff, 0xff, 0xfd, 0x20, 0x2, 0x7b,
    0xef, 0xfe, 0xb6, 0x0, 0x0,

    /* U+0074 "t" */
    0x0, 0xdf, 0xfe, 0x0, 0x0, 0x0, 0xd, 0xff,
    0xe0, 0x0, 0x0, 0x0, 0xdf, 0xfe, 0x0, 0x0,
    0xd, 0xff, 0xff, 0xff, 0xff, 0x20, 0xdf, 0xff,
    0xff, 0xff, 0xf2, 0xa, 0xdf, 0xff, 0xfd, 0xdd,
    0x10, 0x0, 0xdf, 0xfe, 0x0, 0x0, 0x0, 0xd,
    0xff, 0xe0, 0x0, 0x0, 0x0, 0xdf, 0xfe, 0x0,
    0x0, 0x0, 0xd, 0xff, 0xe0, 0x0, 0x0, 0x0,
    0xdf, 0xfe, 0x0, 0x0, 0x0, 0xc, 0xff, 0xf0,
    0x0, 0x0, 0x0, 0xbf, 0xff, 0x50, 0x20, 0x0,
    0x6, 0xff, 0xff, 0xff, 0x60, 0x0, 0xc, 0xff,
    0xff, 0xfc, 0x0, 0x0, 0x7, 0xdf, 0xfc, 0x60,

    /* U+0075 "u" */
    0x5f, 0xff, 0x60, 0x0, 0x0, 0xff, 0xfb, 0x5f,
    0xff, 0x60, 0x0, 0x0, 0xff, 0xfb, 0x5f, 0xff,
    0x60, 0x0, 0x0, 0xff, 0xfb, 0x5f, 0xff, 0x60,
    0x0, 0x0, 0xff, 0xfb, 0x5f, 0xff, 0x60, 0x0,
    0x0, 0xff, 0xfb, 0x5f, 0xff, 0x60, 0x0, 0x0,
    0xff, 0xfb, 0x5f, 0xff, 0x60, 0x0, 0x0, 0xff,
    0xfb, 0x5f, 0xff, 0x80, 0x0, 0x2, 0xff, 0xfb,
    0x3f, 0xff, 0xc0, 0x0, 0x9, 0xff, 0xfb, 0xf,
    0xff, 0xfa, 0x44, 0xaf, 0xff, 0xfb, 0x9, 0xff,
    0xff, 0xff, 0xff, 0xff, 0xfb, 0x0, 0xcf, 0xff,
    0xff, 0xfd, 0xef, 0xfb, 0x0, 0x7, 0xce, 0xfd,
    0x70, 0xdf, 0xfb,

    /* U+0076 "v" */
    0xf, 0xff, 0xd0, 0x0, 0x0, 0x4, 0xff, 0xf5,
    0x9, 0xff, 0xf4, 0x0, 0x0, 0xb, 0xff, 0xe0,
    0x2, 0xff, 0xfa, 0x0, 0x0, 0x1f, 0xff, 0x70,
    0x0, 0xbf, 0xff, 0x10, 0x0, 0x8f, 0xff, 0x10,
    0x0, 0x5f, 0xff, 0x70, 0x0, 0xef, 0xfa, 0x0,
    0x0, 0xe, 0xff, 0xe0, 0x5, 0xff, 0xf3, 0x0,
    0x0, 0x7, 0xff, 0xf4, 0xc, 0xff, 0xd0, 0x0,
    0x0, 0x1, 0xff, 0xfb, 0x3f, 0xff, 0x60, 0x0,
    0x0, 0x0, 0xaf, 0xff, 0xbf, 0xfe, 0x0, 0x0,
    0x0, 0x0, 0x3f, 0xff, 0xff, 0xf8, 0x0, 0x0,
    0x0, 0x0, 0xc, 0xff, 0xff, 0xf2, 0x0, 0x0,
    0x0, 0x0, 0x6, 0xff, 0xff, 0xb0, 0x0, 0x0,
    0x0, 0x0, 0x0, 0xef, 0xff, 0x40, 0x0, 0x0,

    /* U+0077 "w" */
    0xcf, 0xfb, 0x0, 0x0, 0x6, 0xff, 0xf1, 0x0,
    0x0, 0xf, 0xff, 0x46, 0xff, 0xf1, 0x0, 0x0,
    0xcf, 0xff, 0x70, 0x0, 0x6, 0xff, 0xe0, 0x1f,
    0xff, 0x60, 0x0, 0x2f, 0xff, 0xfc, 0x0, 0x0,
    0xbf, 0xf9, 0x0, 0xbf, 0xfc, 0x0, 0x7, 0xff,
    0xff, 0xf2, 0x0, 0x1f, 0xff, 0x30, 0x5, 0xff,
    0xf1, 0x0, 0xdf, 0xff, 0xff, 0x80, 0x7, 0xff,
    0xd0, 0x0, 0xf, 0xff, 0x70, 0x3f, 0xff, 0x9f,
    0xfd, 0x0, 0xcf, 0xf7, 0x0, 0x0, 0xaf, 0xfc,
    0x9, 0xff, 0xb2, 0xff, 0xf3, 0x2f, 0xff, 0x20,
    0x0, 0x4, 0xff, 0xf2, 0xef, 0xf5, 0xc, 0xff,
    0x88, 0xff, 0xc0, 0x0, 0x0, 0xe, 0xff, 0xcf,
    0xfe, 0x0, 0x6f, 0xfe, 0xdf, 0xf6, 0x0, 0x0,
    0x0, 0x9f, 0xff, 0xff, 0x90, 0x1, 0xff, 0xff,
    0xff, 0x10, 0x0, 0x0, 0x3, 0xff, 0xff, 0xf3,
    0x0, 0xb, 0xff, 0xff, 0xa0, 0x0, 0x0, 0x0,
    0xd, 0xff, 0xfd, 0x0, 0x0, 0x5f, 0xff, 0xf5,
    0x0, 0x0, 0x0, 0x0, 0x7f, 0xff, 0x70, 0x0,
    0x0, 0xff, 0xfe, 0x0, 0x0, 0x0,

    /* U+0078 "x" */
    0x5f, 0xff, 0xc0, 0x0, 0x5, 0xff, 0xf9, 0x0,
    0x9f, 0xff, 0x80, 0x2, 0xff, 0xfd, 0x0, 0x0,
    0xdf, 0xff, 0x40, 0xcf, 0xff, 0x20, 0x0, 0x2,
    0xff, 0xfe, 0xaf, 0xff, 0x50, 0x0, 0x0, 0x6,
    0xff, 0xff, 0xff, 0x90, 0x0, 0x0, 0x0, 0xa,
    0xff, 0xff, 0xc0, 0x0, 0x0, 0x0, 0x0, 0x2f,
    0xff, 0xf6, 0x0, 0x0, 0x0, 0x0, 0xb, 0xff,
    0xff, 0xe1, 0x0, 0x0, 0x0, 0x7, 0xff, 0xff,
    0xff, 0xc0, 0x0, 0x0, 0x4, 0xff, 0xfc, 0x9f,
    0xff, 0x80, 0x0, 0x1, 0xef, 0xfe, 0x10, 0xdf,
    0xff, 0x40, 0x0, 0xcf, 0xff, 0x40, 0x2, 0xff,
    0xfe, 0x10, 0x8f, 0xff, 0x80, 0x0, 0x6, 0xff,
    0xfc, 0x0,

    /* U+0079 "y" */
    0xe, 0xff, 0xd0, 0x0, 0x0, 0x4, 0xff, 0xf5,
    0x8, 0xff, 0xf4, 0x0, 0x0, 0xa, 0xff, 0xe0,
    0x2, 0xff, 0xfa, 0x0, 0x0, 0x1f, 0xff, 0x70,
    0x0, 0xbf, 0xff, 0x10, 0x0, 0x7f, 0xff, 0x10,
    0x0, 0x4f, 0xff, 0x70, 0x0, 0xef, 0xfa, 0x0,
    0x0, 0xd, 0xff, 0xe0, 0x4, 0xff, 0xf3, 0x0,
    0x0, 0x7, 0xff, 0xf4, 0xb, 0xff, 0xd0, 0x0,
    0x0, 0x1, 0xff, 0xfb, 0x2f, 0xff, 0x60, 0x0,
    0x0, 0x0, 0x9f, 0xff, 0xaf, 0xfe, 0x0, 0x0,
    0x0, 0x0, 0x2f, 0xff, 0xff, 0xf8, 0x0, 0x0,
    0x0, 0x0, 0xc, 0xff, 0xff, 0xf2, 0x0, 0x0,
    0x0, 0x0, 0x5, 0xff, 0xff, 0xb0, 0x0, 0x0,
    0x0, 0x0, 0x0, 0xef, 0xff, 0x40, 0x0, 0x0,
    0x0, 0x0, 0x0, 0xbf, 0xfd, 0x0, 0x0, 0x0,
    0x1, 0x92, 0x7, 0xff, 0xf7, 0x0, 0x0, 0x0,
    0x8, 0xff, 0xff, 0xff, 0xe0, 0x0, 0x0, 0x0,
    0x1f, 0xff, 0xff, 0xff, 0x30, 0x0, 0x0, 0x0,
    0x4, 0xbe, 0xfd, 0x91, 0x0, 0x0, 0x0, 0x0,

    /* U+007A "z" */
    0xf, 0xff, 0xff, 0xff, 0xff, 0xff, 0x20, 0xff,
    0xff, 0xff, 0xff, 0xff, 0xf2, 0xd, 0xdd, 0xdd,
    0xdf, 0xff, 0xfd, 0x0, 0x0, 0x0, 0x2, 0xff,
    0xfe, 0x20, 0x0, 0x0, 0x1, 0xdf, 0xff, 0x40,
    0x0, 0x0, 0x0, 0xcf, 0xff, 0x60, 0x0, 0x0,
    0x0, 0x9f, 0xff, 0x90, 0x0, 0x0, 0x0, 0x7f,
    0xff, 0xb0, 0x0, 0x0, 0x0, 0x4f, 0xff, 0xd1,
    0x0, 0x0, 0x0, 0x2f, 0xff, 0xf2, 0x0, 0x0,
    0x0, 0xd, 0xff, 0xff, 0xdd, 0xdd, 0xdd, 0x42,
    0xff, 0xff, 0xff, 0xff, 0xff, 0xf5, 0x2f, 0xff,
    0xff, 0xff, 0xff, 0xff, 0x50,

    /* U+007B "{" */
    0x0, 0x2, 0xae, 0xff, 0x0, 0x3, 0xff, 0xff,
    0xf0, 0x0, 0xaf, 0xff, 0xfe, 0x0, 0xd, 0xff,
    0xf3, 0x0, 0x0, 0xef, 0xfd, 0x0, 0x0, 0xe,
    0xff, 0xd0, 0x0, 0x0, 0xef, 0xfd, 0x0, 0x0,
    0xe, 0xff, 0xd0, 0x0, 0x1, 0xff, 0xfc, 0x0,
    0xa, 0xff, 0xff, 0x80, 0x0, 0xcf, 0xff, 0xb0,
    0x0, 0xc, 0xff, 0xff, 0x60, 0x0, 0x2, 0xff,
    0xfc, 0x0, 0x0, 0xe, 0xff, 0xd0, 0x0, 0x0,
    0xef, 0xfd, 0x0, 0x0, 0xe, 0xff, 0xd0, 0x0,
    0x0, 0xef, 0xfd, 0x0, 0x0, 0xe, 0xff, 0xe0,
    0x0, 0x0, 0xdf, 0xff, 0x40, 0x0, 0x9, 0xff,
    0xff, 0xe0, 0x0, 0x1e, 0xff, 0xff, 0x0, 0x0,
    0x2a, 0xef, 0xf0,

    /* U+007C "|" */
    0x4, 0x44, 0x10, 0xff, 0xf6, 0xf, 0xff, 0x60,
    0xff, 0xf6, 0xf, 0xff, 0x60, 0xff, 0xf6, 0xf,
    0xff, 0x60, 0xff, 0xf6, 0xf, 0xff, 0x60, 0xff,
    0xf6, 0xf, 0xff, 0x60, 0xff, 0xf6, 0xf, 0xff,
    0x60, 0xff, 0xf6, 0xf, 0xff, 0x60, 0xff, 0xf6,
    0xf, 0xff, 0x60, 0xff, 0xf6, 0xf, 0xff, 0x60,
    0xff, 0xf6, 0xf, 0xff, 0x60, 0xff, 0xf6, 0xf,
    0xff, 0x60,

    /* U+007D "}" */
    0xaf, 0xfc, 0x60, 0x0, 0xa, 0xff, 0xff, 0x80,
    0x0, 0x9f, 0xff, 0xff, 0x10, 0x0, 0xc, 0xff,
    0xf3, 0x0, 0x0, 0x7f, 0xff, 0x40, 0x0, 0x7,
    0xff, 0xf4, 0x0, 0x0, 0x7f, 0xff, 0x40, 0x0,
    0x7, 0xff, 0xf4, 0x0, 0x0, 0x6f, 0xff, 0x70,
    0x0, 0x2, 0xff, 0xff, 0xe2, 0x0, 0x5, 0xff,
    0xff, 0x20, 0x1, 0xff, 0xff, 0xf2, 0x0, 0x6f,
    0xff, 0x80, 0x0, 0x7, 0xff, 0xf4, 0x0, 0x0,
    0x7f, 0xff, 0x40, 0x0, 0x7, 0xff, 0xf4, 0x0,
    0x0, 0x7f, 0xff, 0x40, 0x0, 0x7, 0xff, 0xf4,
    0x0, 0x0, 0xcf, 0xff, 0x30, 0x9, 0xff, 0xff,
    0xe0, 0x0, 0xaf, 0xff, 0xf6, 0x0, 0xa, 0xff,
    0xc5, 0x0, 0x0,

    /* U+007E "~" */
    0x0, 0x6a, 0x93, 0x0, 0x2, 0xbb, 0x10, 0xbf,
    0xff, 0xfa, 0x0, 0x7f, 0xf1, 0x5f, 0xff, 0xff,
    0xfe, 0xbf, 0xfd, 0xa, 0xfe, 0x21, 0xbf, 0xff,
    0xff, 0x50, 0xcf, 0x90, 0x0, 0x5d, 0xfd, 0x60,
    0x0,

    /* U+00A0 " " */

    /* U+00A1 "¡" */
    0x1b, 0xfb, 0x1a, 0xff, 0xf9, 0xcf, 0xff, 0xb5,
    0xff, 0xf4, 0x1, 0x41, 0x0, 0x0, 0x0, 0xf,
    0xff, 0x1, 0xff, 0xf1, 0x3f, 0xff, 0x24, 0xff,
    0xf3, 0x5f, 0xff, 0x46, 0xff, 0xf5, 0x7f, 0xff,
    0x68, 0xff, 0xf7, 0x9f, 0xff, 0x9a, 0xff, 0xfa,
    0x7b, 0xbb, 0x70,

    /* U+00A2 "¢" */
    0x0, 0x0, 0x0, 0x38, 0x70, 0x0, 0x0, 0x0,
    0x0, 0x0, 0x7f, 0xf0, 0x0, 0x0, 0x0, 0x0,
    0x0, 0x7f, 0xf0, 0x0, 0x0, 0x0, 0x0, 0x17,
    0xdf, 0xfa, 0x60, 0x0, 0x0, 0x8, 0xff, 0xff,
    0xff, 0xfe, 0x40, 0x0, 0xaf, 0xff, 0xff, 0xff,
    0xff, 0xf3, 0x5, 0xff, 0xff, 0xcf, 0xfa, 0xff,
    0xf6, 0xd, 0xff, 0xf4, 0x7f, 0xf0, 0x79, 0x10,
    0x1f, 0xff, 0xc0, 0x7f, 0xf0, 0x0, 0x0, 0x3f,
    0xff, 0x90, 0x7f, 0xf0, 0x0, 0x0, 0x2f, 0xff,
    0xa0, 0x7f, 0xf0, 0x0, 0x0, 0xf, 0xff, 0xe0,
    0x7f, 0xf0, 0x22, 0x0, 0x9, 0xff, 0xfb, 0x8f,
    0xf2, 0xdf, 0x91, 0x1, 0xef, 0xff, 0xff, 0xff,
    0xff, 0xf7, 0x0, 0x3e, 0xff, 0xff, 0xff, 0xff,
    0xb0, 0x0, 0x1, 0x9e, 0xff, 0xff, 0xe6, 0x0,
    0x0, 0x0, 0x0, 0x8f, 0xf2, 0x0, 0x0, 0x0,
    0x0, 0x0, 0x7f, 0xf0, 0x0, 0x0, 0x0, 0x0,
    0x0, 0x7f, 0xf0, 0x0, 0x0,

    /* U+00A3 "£" */
    0x0, 0x0, 0x0, 0x17, 0xbe, 0xff, 0xeb, 0x71,
    0x0, 0x0, 0x5, 0xff, 0xff, 0xff, 0xff, 0xf9,
    0x0, 0x0, 0x5f, 0xff, 0xff, 0xff, 0xff, 0xf3,
    0x0, 0x1, 0xff, 0xff, 0xe8, 0x55, 0x7b, 0xd0,
    0x0, 0x7, 0xff, 0xfd, 0x0, 0x0, 0x0, 0x0,
    0x0, 0xb, 0xff, 0xf4, 0x0, 0x0, 0x0, 0x0,
    0x0, 0xd, 0xff, 0xf1, 0x0, 0x0, 0x0, 0x0,
    0x15, 0x5e, 0xff, 0xf5, 0x55, 0x55, 0x30, 0x0,
    0x4f, 0xff, 0xff, 0xff, 0xff, 0xff, 0xc0, 0x0,
    0x4f, 0xff, 0xff, 0xff, 0xff, 0xff, 0xc0, 0x0,
    0x0, 0xe, 0xff, 0xf0, 0x0, 0x0, 0x0, 0x0,
    0x0, 0xe, 0xff, 0xf0, 0x0, 0x0, 0x0, 0x0,
    0x0, 0xe, 0xff, 0xf0, 0x0, 0x0, 0x0, 0x0,
    0x1, 0x1e, 0xff, 0xf1, 0x11, 0x11, 0x11, 0x10,
    0x4f, 0xff, 0xff, 0xff, 0xff, 0xff, 0xff, 0xf4,
    0x4f, 0xff, 0xff, 0xff, 0xff, 0xff, 0xff, 0xf4,
    0x4f, 0xff, 0xff, 0xff, 0xff, 0xff, 0xff, 0xf4,

    /* U+00A4 "¤" */
    0x0, 0x30, 0x0, 0x0, 0x0, 0x0, 0x1, 0x20,
    0x0, 0x4f, 0xa0, 0x0, 0x0, 0x0, 0x1, 0xde,
    0x20, 0x2f, 0xff, 0xa4, 0xae, 0xfd, 0x93, 0xdf,
    0xfd, 0x0, 0x9f, 0xff, 0xff, 0xff, 0xff, 0xff,
    0xff, 0x50, 0x0, 0x8f, 0xff, 0xff, 0xff, 0xff,
    0xff, 0x50, 0x0, 0x4, 0xff, 0xf8, 0x10, 0x2a,
    0xff, 0xf1, 0x0, 0x0, 0xaf, 0xf8, 0x0, 0x0,
    0xb, 0xff, 0x70, 0x0, 0xd, 0xff, 0x10, 0x0,
    0x0, 0x4f, 0xfa, 0x0, 0x0, 0xdf, 0xf1, 0x0,
    0x0, 0x4, 0xff, 0xa0, 0x0, 0xa, 0xff, 0x80,
    0x0, 0x0, 0xbf, 0xf7, 0x0, 0x0, 0x4f, 0xff,
    0x71, 0x2, 0xaf, 0xff, 0x10, 0x0, 0x6, 0xff,
    0xff, 0xff, 0xff, 0xff, 0xf3, 0x0, 0x6, 0xff,
    0xff, 0xff, 0xff, 0xff, 0xff, 0xf3, 0x2, 0xff,
    0xfd, 0x5b, 0xef, 0xd9, 0x5e, 0xff, 0xe0, 0x7,
    0xfc, 0x10, 0x0, 0x0, 0x0, 0x2e, 0xf3, 0x0,
    0x5, 0x10, 0x0, 0x0, 0x0, 0x0, 0x24, 0x0,

    /* U+00A5 "¥" */
    0x1e, 0xff, 0xf2, 0x0, 0x0, 0x0, 0x0, 0x3f,
    0xff, 0xb0, 0x6, 0xff, 0xfc, 0x0, 0x0, 0x0,
    0x0, 0xcf, 0xff, 0x10, 0x0, 0xbf, 0xff, 0x60,
    0x0, 0x0, 0x7, 0xff, 0xf6, 0x0, 0x0, 0x2f,
    0xff, 0xf1, 0x0, 0x0, 0x2f, 0xff, 0xc0, 0x0,
    0x0, 0x7, 0xff, 0xfa, 0x0, 0x0, 0xcf, 0xff,
    0x20, 0x0, 0x0, 0x0, 0xdf, 0xff, 0x50, 0x6,
    0xff, 0xf8, 0x0, 0x0, 0x0, 0x0, 0x3f, 0xff,
    0xe0, 0x1f, 0xff, 0xd0, 0x0, 0x0, 0x0, 0x0,
    0x9, 0xff, 0xf9, 0xbf, 0xff, 0x40, 0x0, 0x0,
    0x0, 0x0, 0x0, 0xef, 0xff, 0xff, 0xf9, 0x0,
    0x0, 0x0, 0x0, 0x0, 0x0, 0x4f, 0xff, 0xff,
    0xe1, 0x0, 0x0, 0x0, 0x0, 0x9, 0xff, 0xff,
    0xff, 0xff, 0xff, 0xff, 0x40, 0x0, 0x0, 0x9,
    0xff, 0xff, 0xff, 0xff, 0xff, 0xff, 0x40, 0x0,
    0x0, 0x0, 0x0, 0x1, 0xff, 0xfc, 0x0, 0x0,
    0x0, 0x0, 0x0, 0x9, 0xff, 0xff, 0xff, 0xff,
    0xff, 0xff, 0x40, 0x0, 0x0, 0x9, 0xff, 0xff,
    0xff, 0xff, 0xff, 0xff, 0x40, 0x0, 0x0, 0x0,
    0x0, 0x1, 0xff, 0xfc, 0x0, 0x0, 0x0, 0x0,
    0x0, 0x0, 0x0, 0x1, 0xff, 0xfc, 0x0, 0x0,
    0x0, 0x0,

    /* U+00A6 "¦" */
    0x5, 0x55, 0x20, 0xff, 0xf6, 0xf, 0xff, 0x60,
    0xff, 0xf6, 0xf, 0xff, 0x60, 0xff, 0xf6, 0xf,
    0xff, 0x60, 0xff, 0xf6, 0xf, 0xff, 0x60, 0x0,
    0x0, 0x0, 0x0, 0x0, 0x0, 0x0, 0x0, 0x0,
    0x0, 0x0, 0x0, 0x5, 0x55, 0x20, 0xff, 0xf6,
    0xf, 0xff, 0x60, 0xff, 0xf6, 0xf, 0xff, 0x60,
    0xff, 0xf6, 0xf, 0xff, 0x60, 0xff, 0xf6, 0xf,
    0xff, 0x60,

    /* U+00A7 "§" */
    0x0, 0x3, 0xad, 0xff, 0xeb, 0x82, 0x0, 0x8,
    0xff, 0xff, 0xff, 0xff, 0xd0, 0x5, 0xff, 0xfe,
    0xcc, 0xef, 0xf7, 0x0, 0xbf, 0xfb, 0x0, 0x0,
    0x18, 0x10, 0xc, 0xff, 0xa0, 0x0, 0x0, 0x0,
    0x0, 0xaf, 0xff, 0xc7, 0x30, 0x0, 0x0, 0x1,
    0xff, 0xff, 0xff, 0xe8, 0x10, 0x0, 0x7f, 0xff,
    0xff, 0xff, 0xfe, 0x10, 0x1f, 0xff, 0x82, 0x6b,
    0xff, 0xf9, 0x4, 0xff, 0xf0, 0x0, 0x9, 0xff,
    0xc0, 0x4f, 0xff, 0x60, 0x0, 0x8f, 0xfc, 0x0,
    0xff, 0xff, 0xeb, 0x9f, 0xff, 0x60, 0x4, 0xef,
    0xff, 0xff, 0xff, 0xb0, 0x0, 0x1, 0x6b, 0xff,
    0xff, 0xfc, 0x0, 0x0, 0x0, 0x0, 0x3a, 0xff,
    0xf4, 0x0, 0x10, 0x0, 0x0, 0xf, 0xff, 0x50,
    0xb, 0xd6, 0x20, 0x17, 0xff, 0xf3, 0x2, 0xff,
    0xff, 0xff, 0xff, 0xfc, 0x0, 0x3d, 0xff, 0xff,
    0xff, 0xfc, 0x10, 0x0, 0x3, 0x79, 0xba, 0x84,
    0x0, 0x0,

    /* U+00A8 "¨" */
    0x3, 0x10, 0x0, 0x31, 0x9, 0xff, 0x20, 0xbf,
    0xe1, 0xdf, 0xf6, 0xf, 0xff, 0x36, 0xfc, 0x10,
    0x8f, 0xb0,

    /* U+00A9 "©" */
    0x0, 0x0, 0x1, 0x7c, 0xef, 0xeb, 0x60, 0x0,
    0x0, 0x0, 0x0, 0x7f, 0xfd, 0xa9, 0xad, 0xfe,
    0x50, 0x0, 0x0, 0x9, 0xfc, 0x30, 0x0, 0x0,
    0x4d, 0xf7, 0x0, 0x0, 0x7f, 0xa0, 0x0, 0x45,
    0x51, 0x0, 0xbf, 0x50, 0x1, 0xfd, 0x0, 0x5e,
    0xff, 0xff, 0x80, 0x1e, 0xe0, 0x8, 0xf4, 0x6,
    0xff, 0xff, 0xff, 0xf8, 0x6, 0xf5, 0xd, 0xe0,
    0xf, 0xff, 0x60, 0x3d, 0xa1, 0x0, 0xfa, 0xf,
    0xb0, 0x4f, 0xf9, 0x0, 0x0, 0x0, 0x0, 0xdc,
    0xf, 0x90, 0x6f, 0xf6, 0x0, 0x0, 0x0, 0x0,
    0xcd, 0xf, 0xb0, 0x4f, 0xf9, 0x0, 0x0, 0x0,
    0x0, 0xec, 0xd, 0xe0, 0xf, 0xff, 0x60, 0x2d,
    0xa1, 0x1, 0xf9, 0x8, 0xf4, 0x6, 0xff, 0xff,
    0xff, 0xf8, 0x7, 0xf4, 0x1, 0xfd, 0x0, 0x5e,
    0xff, 0xff, 0x80, 0x1e, 0xd0, 0x0, 0x7f, 0xa0,
    0x0, 0x45, 0x51, 0x1, 0xcf, 0x40, 0x0, 0x9,
    0xfc, 0x30, 0x0, 0x0, 0x4e, 0xf6, 0x0, 0x0,
    0x0, 0x7f, 0xfd, 0xa9, 0xae, 0xfe, 0x40, 0x0,
    0x0, 0x0, 0x1, 0x7c, 0xef, 0xeb, 0x60, 0x0,
    0x0,

    /* U+00AA "ª" */
    0x4, 0xae, 0xfe, 0xa2, 0x0, 0xbf, 0xed, 0xff,
    0xf2, 0x1, 0x20, 0x13, 0xff, 0x80, 0x4d, 0xff,
    0xff, 0xfa, 0x1f, 0xf9, 0x44, 0xff, 0xa4, 0xff,
    0x20, 0x1f, 0xfa, 0x1f, 0xfd, 0x9e, 0xff, 0xa0,
    0x4c, 0xfe, 0x9c, 0xfa,

    /* U+00AB "«" */
    0x0, 0x0, 0x44, 0x42, 0x2, 0x44, 0x40, 0x0,
    0x5, 0xff, 0xe1, 0xd, 0xff, 0x70, 0x0, 0x1e,
    0xff, 0x50, 0xaf, 0xfc, 0x0, 0x0, 0xcf, 0xfa,
    0x5, 0xff, 0xf1, 0x0, 0x8, 0xff, 0xd0, 0x2f,
    0xff, 0x50, 0x0, 0xe, 0xff, 0x80, 0x8f, 0xfe,
    0x0, 0x0, 0x4, 0xff, 0xf2, 0xd, 0xff, 0x80,
    0x0, 0x0, 0x9f, 0xfc, 0x2, 0xff, 0xf4, 0x0,
    0x0, 0xd, 0xff, 0x80, 0x6f, 0xfe, 0x10, 0x0,
    0x2, 0xff, 0xf4, 0xb, 0xff, 0xa0,

    /* U+00AC "¬" */
    0x7e, 0xee, 0xee, 0xee, 0xee, 0xec, 0x8f, 0xff,
    0xff, 0xff, 0xff, 0xfe, 0x8f, 0xff, 0xff, 0xff,
    0xff, 0xfe, 0x0, 0x0, 0x0, 0x0, 0x3f, 0xfe,
    0x0, 0x0, 0x0, 0x0, 0x3f, 0xfe, 0x0, 0x0,
    0x0, 0x0, 0x3f, 0xfe, 0x0, 0x0, 0x0, 0x0,
    0x3f, 0xfe,

    /* U+00AE "®" */
    0x0, 0x0, 0x1, 0x7c, 0xef, 0xeb, 0x60, 0x0,
    0x0, 0x0, 0x0, 0x7f, 0xfd, 0xa9, 0xad, 0xfe,
    0x50, 0x0, 0x0, 0x9, 0xfc, 0x30, 0x0, 0x0,
    0x4d, 0xf7, 0x0, 0x0, 0x7f, 0xa0, 0x0, 0x0,
    0x0, 0x0, 0xbf, 0x50, 0x1, 0xfd, 0x4, 0xff,
    0xff, 0xeb, 0x30, 0x1e, 0xe0, 0x8, 0xf4, 0x4,
    0xff, 0xed, 0xff, 0xf3, 0x6, 0xf5, 0xd, 0xe0,
    0x4, 0xff, 0x30, 0x1d, 0xfb, 0x0, 0xfa, 0xf,
    0xb0, 0x4, 0xff, 0x30, 0xa, 0xfd, 0x0, 0xdc,
    0xf, 0x90, 0x4, 0xff, 0x30, 0x3e, 0xfa, 0x0,
    0xcd, 0xf, 0xb0, 0x4, 0xff, 0xff, 0xff, 0xf3,
    0x0, 0xec, 0xd, 0xe0, 0x4, 0xff, 0xed, 0xff,
    0x50, 0x1, 0xf9, 0x8, 0xf4, 0x4, 0xff, 0x30,
    0xaf, 0xd0, 0x7, 0xf4, 0x1, 0xfd, 0x4, 0xff,
    0x30, 0x1e, 0xf8, 0x1e, 0xd0, 0x0, 0x7f, 0xa1,
    0x55, 0x10, 0x2, 0x56, 0xcf, 0x40, 0x0, 0x9,
    0xfc, 0x30, 0x0, 0x0, 0x4e, 0xf6, 0x0, 0x0,
    0x0, 0x7f, 0xfd, 0xa9, 0xae, 0xfe, 0x40, 0x0,
    0x0, 0x0, 0x1, 0x7c, 0xef, 0xeb, 0x60, 0x0,
    0x0,

    /* U+00AF "¯" */
    0x1, 0x11, 0x11, 0x11, 0x10, 0x3f, 0xff, 0xff,
    0xff, 0xfa, 0x3f, 0xff, 0xff, 0xff, 0xfa,

    /* U+00B0 "°" */
    0x0, 0x3b, 0xef, 0xb3, 0x0, 0x4, 0xff, 0xff,
    0xff, 0x40, 0xd, 0xf7, 0x0, 0x7f, 0xd0, 0x2f,
    0xe0, 0x0, 0xd, 0xf2, 0x2f, 0xe0, 0x0, 0xd,
    0xf2, 0xd, 0xf7, 0x0, 0x7f, 0xd0, 0x4, 0xff,
    0xee, 0xff, 0x40, 0x0, 0x3b, 0xff, 0xb3, 0x0,

    /* U+00B1 "±" */
    0x0, 0x0, 0x39, 0x97, 0x0, 0x0, 0x0, 0x0,
    0x5f, 0xfb, 0x0, 0x0, 0x0, 0x0, 0x5f, 0xfb,
    0x0, 0x0, 0x0, 0x0, 0x5f, 0xfb, 0x0, 0x0,
    0x6c, 0xcc, 0xdf, 0xff, 0xcc, 0xcb, 0x8f, 0xff,
    0xff, 0xff, 0xff, 0xfe, 0x8f, 0xff, 0xff, 0xff,
    0xff, 0xfe, 0x0, 0x0, 0x5f, 0xfb, 0x0, 0x0,
    0x0, 0x0, 0x5f, 0xfb, 0x0, 0x0, 0x0, 0x0,
    0x5f, 0xfb, 0x0, 0x0, 0x0, 0x0, 0x5f, 0xfb,
    0x0, 0x0, 0x0, 0x0, 0x0, 0x0, 0x0, 0x0,
    0x0, 0x0, 0x0, 0x0, 0x0, 0x0, 0x7e, 0xee,
    0xee, 0xee, 0xee, 0xed, 0x8f, 0xff, 0xff, 0xff,
    0xff, 0xfe, 0x8f, 0xff, 0xff, 0xff, 0xff, 0xfe,

    /* U+00B2 "²" */
    0x2, 0x9d, 0xfe, 0xc5, 0x0, 0x3f, 0xff, 0xff,
    0xff, 0x70, 0x8, 0xc3, 0x13, 0xef, 0xe0, 0x0,
    0x0, 0x0, 0xcf, 0xe0, 0x0, 0x0, 0x7, 0xff,
    0x70, 0x0, 0x0, 0x9f, 0xfa, 0x0, 0x0, 0xb,
    0xff, 0x80, 0x0, 0x1, 0xdf, 0xf6, 0x0, 0x0,
    0xe, 0xff, 0xff, 0xff, 0xf5, 0xf, 0xff, 0xff,
    0xff, 0xf5,

    /* U+00B3 "³" */
    0x2f, 0xff, 0xff, 0xff, 0xf0, 0x2f, 0xff, 0xff,
    0xff, 0xe0, 0x0, 0x0, 0xc, 0xfe, 0x20, 0x0,
    0x1, 0xcf, 0xe1, 0x0, 0x0, 0x7, 0xff, 0xfd,
    0x40, 0x0, 0x4, 0xab, 0xff, 0xf2, 0x0, 0x0,
    0x0, 0x4f, 0xf7, 0xc, 0x83, 0x12, 0x9f, 0xf6,
    0x5f, 0xff, 0xff, 0xff, 0xc0, 0x6, 0xbe, 0xff,
    0xd7, 0x0,

    /* U+00B4 "´" */
    0x0, 0x7, 0x88, 0x70, 0x0, 0xaf, 0xfd, 0x20,
    0x9, 0xff, 0xb1, 0x0, 0x8f, 0xf8, 0x0, 0x0,

    /* U+00B5 "µ" */
    0x4f, 0xff, 0x70, 0x0, 0x0, 0xef, 0xfd, 0x4f,
    0xff, 0x70, 0x0, 0x0, 0xef, 0xfd, 0x4f, 0xff,
    0x70, 0x0, 0x0, 0xef, 0xfd, 0x4f, 0xff, 0x70,
    0x0, 0x0, 0xef, 0xfd, 0x4f, 0xff, 0x70, 0x0,
    0x0, 0xef, 0xfd, 0x4f, 0xff, 0x70, 0x0, 0x0,
    0xef, 0xfd, 0x4f, 0xff, 0x70, 0x0, 0x0, 0xef,
    0xfd, 0x4f, 0xff, 0x80, 0x0, 0x0, 0xff, 0xfd,
    0x4f, 0xff, 0xc0, 0x0, 0x6, 0xff, 0xfd, 0x4f,
    0xff, 0xf8, 0x11, 0x6f, 0xff, 0xfd, 0x4f, 0xff,
    0xff, 0xff, 0xff, 0xff, 0xfd, 0x4f, 0xff, 0xff,
    0xff, 0xff, 0xdf, 0xfd, 0x4f, 0xff, 0xbc, 0xff,
    0xc4, 0x8f, 0xfd, 0x4f, 0xff, 0x70, 0x0, 0x0,
    0x0, 0x0, 0x4f, 0xff, 0x70, 0x0, 0x0, 0x0,
    0x0, 0x4f, 0xff, 0x70, 0x0, 0x0, 0x0, 0x0,
    0x4f, 0xff, 0x70, 0x0, 0x0, 0x0, 0x0, 0x4f,
    0xff, 0x70, 0x0, 0x0, 0x0, 0x0,

    /* U+00B6 "¶" */
    0x0, 0x4, 0x8a, 0xab, 0xbb, 0xbb, 0xbb, 0x50,
    0x2c, 0xff, 0xff, 0xff, 0xff, 0xff, 0xf7, 0xe,
    0xff, 0xff, 0xff, 0xff, 0xff, 0xff, 0x76, 0xff,
    0xff, 0xff, 0xf8, 0x0, 0x9f, 0xf7, 0x9f, 0xff,
    0xff, 0xff, 0x80, 0x9, 0xff, 0x79, 0xff, 0xff,
    0xff, 0xf8, 0x0, 0x9f, 0xf7, 0x5f, 0xff, 0xff,
    0xff, 0x80, 0x9, 0xff, 0x70, 0xcf, 0xff, 0xff,
    0xf8, 0x0, 0x9f, 0xf7, 0x1, 0xaf, 0xff, 0xff,
    0x80, 0x9, 0xff, 0x70, 0x0, 0x25, 0xbf, 0xf8,
    0x0, 0x9f, 0xf7, 0x0, 0x0, 0x8, 0xff, 0x80,
    0x9, 0xff, 0x70, 0x0, 0x0, 0x8f, 0xf8, 0x0,
    0x9f, 0xf7, 0x0, 0x0, 0x8, 0xff, 0x80, 0x9,
    0xff, 0x70, 0x0, 0x0, 0x8f, 0xf8, 0x0, 0x9f,
    0xf7, 0x0, 0x0, 0x8, 0xff, 0x80, 0x9, 0xff,
    0x70, 0x0, 0x0, 0x8f, 0xf8, 0x0, 0x9f, 0xf7,
    0x0, 0x0, 0x8, 0xff, 0x80, 0x9, 0xff, 0x70,
    0x0, 0x0, 0x8f, 0xf8, 0x0, 0x9f, 0xf7, 0x0,
    0x0, 0x8, 0xff, 0x80, 0x9, 0xff, 0x70, 0x0,
    0x0, 0x8f, 0xf8, 0x0, 0x9f, 0xf7, 0x0, 0x0,
    0x4, 0x88, 0x40, 0x4, 0x88, 0x30,

    /* U+00B7 "·" */
    0x5, 0x97, 0x5, 0xff, 0xf9, 0xaf, 0xff, 0xe8,
    0xff, 0xfc, 0xb, 0xfc, 0x20,

    /* U+00B8 "¸" */
    0x0, 0x78, 0x0, 0x1, 0xff, 0x0, 0x5, 0xff,
    0xf5, 0x0, 0x9, 0xfd, 0x7d, 0xcf, 0xfb, 0x7e,
    0xfe, 0x91,

    /* U+00B9 "¹" */
    0xf, 0xff, 0xfe, 0x0, 0x0, 0xff, 0xff, 0xe0,
    0x0, 0x0, 0xc, 0xfe, 0x0, 0x0, 0x0, 0xcf,
    0xe0, 0x0, 0x0, 0xc, 0xfe, 0x0, 0x0, 0x0,
    0xcf, 0xe0, 0x0, 0x0, 0xc, 0xfe, 0x0, 0x0,
    0x0, 0xcf, 0xe0, 0x0, 0x3f, 0xff, 0xff, 0xff,
    0x14, 0xff, 0xff, 0xff, 0xf1,

    /* U+00BA "º" */
    0x0, 0x4b, 0xef, 0xc6, 0x0, 0x7, 0xff, 0xff,
    0xff, 0xb0, 0x1f, 0xfb, 0x10, 0x8f, 0xf5, 0x5f,
    0xf3, 0x0, 0xf, 0xf9, 0x5f, 0xf3, 0x0, 0xf,
    0xf9, 0x1f, 0xfc, 0x21, 0x9f, 0xf5, 0x6, 0xff,
    0xff, 0xff, 0xa0, 0x0, 0x3b, 0xee, 0xc6, 0x0,

    /* U+00BB "»" */
    0x14, 0x44, 0x0, 0x44, 0x42, 0x0, 0x0, 0xdf,
    0xf8, 0x6, 0xff, 0xe1, 0x0, 0x2, 0xff, 0xf4,
    0xb, 0xff, 0xb0, 0x0, 0x6, 0xff, 0xe1, 0x1e,
    0xff, 0x60, 0x0, 0xb, 0xff, 0xb0, 0x4f, 0xff,
    0x20, 0x0, 0x4f, 0xff, 0x20, 0xdf, 0xf9, 0x0,
    0xd, 0xff, 0x80, 0x7f, 0xfd, 0x0, 0xa, 0xff,
    0xc0, 0x3f, 0xff, 0x30, 0x5, 0xff, 0xe1, 0xd,
    0xff, 0x70, 0x1, 0xef, 0xf5, 0x9, 0xff, 0xb0,
    0x0,

    /* U+00BC "¼" */
    0xf, 0xff, 0xfe, 0x0, 0x0, 0x0, 0x0, 0x7,
    0xff, 0x50, 0x0, 0x0, 0xf, 0xff, 0xfe, 0x0,
    0x0, 0x0, 0x0, 0x2f, 0xfb, 0x0, 0x0, 0x0,
    0x0, 0xc, 0xfe, 0x0, 0x0, 0x0, 0x0, 0xcf,
    0xe1, 0x0, 0x0, 0x0, 0x0, 0xc, 0xfe, 0x0,
    0x0, 0x0, 0x8, 0xff, 0x50, 0x0, 0x0, 0x0,
    0x0, 0xc, 0xfe, 0x0, 0x0, 0x0, 0x3f, 0xfa,
    0x0, 0x0, 0x0, 0x0, 0x0, 0xc, 0xfe, 0x0,
    0x0, 0x0, 0xdf, 0xe1, 0x0, 0x0, 0x0, 0x0,
    0x0, 0xc, 0xfe, 0x0, 0x0, 0x8, 0xff, 0x50,
    0x0, 0x1, 0x10, 0x0, 0x0, 0xc, 0xfe, 0x0,
    0x0, 0x3f, 0xfa, 0x0, 0x0, 0xdf, 0xe1, 0x0,
    0x3f, 0xff, 0xff, 0xff, 0x10, 0xdf, 0xe1, 0x0,
    0x9, 0xff, 0x40, 0x0, 0x4f, 0xff, 0xff, 0xff,
    0x18, 0xff, 0x40, 0x0, 0x4f, 0xf9, 0x0, 0x0,
    0x0, 0x0, 0x0, 0x0, 0x3f, 0xfa, 0x0, 0x1,
    0xef, 0xd0, 0x0, 0x0, 0x0, 0x0, 0x0, 0x0,
    0xdf, 0xe0, 0x0, 0xa, 0xff, 0x33, 0xba, 0x0,
    0x0, 0x0, 0x0, 0x9, 0xff, 0x40, 0x0, 0x6f,
    0xf7, 0x5, 0xff, 0x0, 0x0, 0x0, 0x0, 0x4f,
    0xf9, 0x0, 0x0, 0xef, 0xff, 0xff, 0xff, 0xf9,
    0x0, 0x0, 0x0, 0xef, 0xd0, 0x0, 0x0, 0xff,
    0xff, 0xff, 0xff, 0xf9, 0x0, 0x0, 0x9, 0xff,
    0x40, 0x0, 0x0, 0x0, 0x0, 0x9, 0xff, 0x0,
    0x0, 0x0, 0x4f, 0xf9, 0x0, 0x0, 0x0, 0x0,
    0x0, 0x9, 0xff, 0x0,

    /* U+00BD "½" */
    0xf, 0xff, 0xfe, 0x0, 0x0, 0x0, 0x0, 0x7,
    0xff, 0x50, 0x0, 0x0, 0xf, 0xff, 0xfe, 0x0,
    0x0, 0x0, 0x0, 0x2f, 0xfb, 0x0, 0x0, 0x0,
    0x0, 0xc, 0xfe, 0x0, 0x0, 0x0, 0x0, 0xcf,
    0xe1, 0x0, 0x0, 0x0, 0x0, 0xc, 0xfe, 0x0,
    0x0, 0x0, 0x8, 0xff, 0x50, 0x0, 0x0, 0x0,
    0x0, 0xc, 0xfe, 0x0, 0x0, 0x0, 0x3f, 0xfa,
    0x0, 0x0, 0x0, 0x0, 0x0, 0xc, 0xfe, 0x0,
    0x0, 0x0, 0xdf, 0xe1, 0x0, 0x0, 0x0, 0x0,
    0x0, 0xc, 0xfe, 0x0, 0x0, 0x8, 0xff, 0x50,
    0x0, 0x0, 0x0, 0x0, 0x0, 0xc, 0xfe, 0x0,
    0x0, 0x3f, 0xfa, 0x5, 0xcf, 0xff, 0xb4, 0x0,
    0x3f, 0xff, 0xff, 0xff, 0x10, 0xdf, 0xe1, 0x7f,
    0xff, 0xff, 0xff, 0x40, 0x4f, 0xff, 0xff, 0xff,
    0x18, 0xff, 0x40, 0x18, 0x82, 0x5, 0xff, 0xa0,
    0x0, 0x0, 0x0, 0x0, 0x3f, 0xfa, 0x0, 0x0,
    0x0, 0x1, 0xff, 0x90, 0x0, 0x0, 0x0, 0x0,
    0xdf, 0xe0, 0x0, 0x0, 0x0, 0xb, 0xff, 0x30,
    0x0, 0x0, 0x0, 0x9, 0xff, 0x40, 0x0, 0x0,
    0x1, 0xcf, 0xf5, 0x0, 0x0, 0x0, 0x0, 0x4f,
    0xf9, 0x0, 0x0, 0x0, 0x2e, 0xff, 0x40, 0x0,
    0x0, 0x0, 0x0, 0xef, 0xd0, 0x0, 0x0, 0x4,
    0xff, 0xe3, 0x0, 0x0, 0x0, 0x0, 0x9, 0xff,
    0x40, 0x0, 0x0, 0x3f, 0xff, 0xff, 0xff, 0xf1,
    0x0, 0x0, 0x4f, 0xf9, 0x0, 0x0, 0x0, 0x4f,
    0xff, 0xff, 0xff, 0xf1,

    /* U+00BE "¾" */
    0x2f, 0xff, 0xff, 0xff, 0xf0, 0x0, 0x0, 0x0,
    0x7f, 0xf5, 0x0, 0x0, 0x2, 0xff, 0xff, 0xff,
    0xfe, 0x0, 0x0, 0x0, 0x2f, 0xfb, 0x0, 0x0,
    0x0, 0x0, 0x0, 0xb, 0xfe, 0x20, 0x0, 0x0,
    0xc, 0xfe, 0x10, 0x0, 0x0, 0x0, 0x0, 0xc,
    0xfe, 0x20, 0x0, 0x0, 0x8, 0xff, 0x50, 0x0,
    0x0, 0x0, 0x0, 0x7, 0xff, 0xfc, 0x30, 0x0,
    0x3, 0xff, 0xa0, 0x0, 0x0, 0x0, 0x0, 0x0,
    0x5b, 0xcf, 0xff, 0x20, 0x0, 0xdf, 0xe1, 0x0,
    0x0, 0x0, 0x0, 0x0, 0x0, 0x0, 0x4f, 0xf7,
    0x0, 0x8f, 0xf5, 0x0, 0x1, 0x33, 0x10, 0x0,
    0xb7, 0x20, 0x18, 0xff, 0x60, 0x3f, 0xfa, 0x0,
    0x0, 0xef, 0xd0, 0x0, 0x5f, 0xff, 0xff, 0xff,
    0xd0, 0xd, 0xfe, 0x10, 0x0, 0xaf, 0xf3, 0x0,
    0x0, 0x7c, 0xff, 0xfe, 0x81, 0x8, 0xff, 0x40,
    0x0, 0x5f, 0xf8, 0x0, 0x0, 0x0, 0x0, 0x0,
    0x0, 0x3, 0xff, 0xa0, 0x0, 0x1e, 0xfd, 0x0,
    0x0, 0x0, 0x0, 0x0, 0x0, 0x0, 0xdf, 0xe0,
    0x0, 0xb, 0xff, 0x23, 0xba, 0x0, 0x0, 0x0,
    0x0, 0x0, 0x9f, 0xf4, 0x0, 0x6, 0xff, 0x70,
    0x5f, 0xf0, 0x0, 0x0, 0x0, 0x0, 0x4f, 0xf9,
    0x0, 0x0, 0xef, 0xff, 0xff, 0xff, 0xf9, 0x0,
    0x0, 0x0, 0xe, 0xfd, 0x0, 0x0, 0xf, 0xff,
    0xff, 0xff, 0xff, 0x90, 0x0, 0x0, 0x9, 0xff,
    0x40, 0x0, 0x0, 0x0, 0x0, 0x9, 0xff, 0x0,
    0x0, 0x0, 0x4, 0xff, 0x90, 0x0, 0x0, 0x0,
    0x0, 0x0, 0x9f, 0xf0, 0x0,

    /* U+00BF "¿" */
    0x0, 0x0, 0x5e, 0xe7, 0x0, 0x0, 0x0, 0x0,
    0x1, 0xff, 0xff, 0x30, 0x0, 0x0, 0x0, 0x2,
    0xff, 0xff, 0x50, 0x0, 0x0, 0x0, 0x0, 0xaf,
    0xfc, 0x0, 0x0, 0x0, 0x0, 0x0, 0x3, 0x30,
    0x0, 0x0, 0x0, 0x0, 0x0, 0x0, 0x0, 0x0,
    0x0, 0x0, 0x0, 0x0, 0xcf, 0xfd, 0x0, 0x0,
    0x0, 0x0, 0x5, 0xff, 0xf9, 0x0, 0x0, 0x0,
    0x0, 0x5f, 0xff, 0xe1, 0x0, 0x0, 0x0, 0x6,
    0xff, 0xfd, 0x20, 0x0, 0x0, 0x0, 0x2f, 0xff,
    0xe1, 0x0, 0x0, 0x0, 0x0, 0x9f, 0xff, 0x50,
    0x0, 0x0, 0x0, 0x0, 0xbf, 0xff, 0x40, 0x0,
    0x2, 0xa2, 0x0, 0x9f, 0xff, 0xe5, 0x23, 0x7f,
    0xff, 0x80, 0x4f, 0xff, 0xff, 0xff, 0xff, 0xff,
    0x80, 0x7, 0xff, 0xff, 0xff, 0xff, 0xf7, 0x0,
    0x0, 0x29, 0xdf, 0xfe, 0xc7, 0x20, 0x0,

    /* U+00C0 "À" */
    0x0, 0x0, 0x4, 0x88, 0x82, 0x0, 0x0, 0x0,
    0x0, 0x0, 0x0, 0x0, 0x0, 0x9f, 0xfe, 0x20,
    0x0, 0x0, 0x0, 0x0, 0x0, 0x0, 0x0, 0x6,
    0xff, 0xe1, 0x0, 0x0, 0x0, 0x0, 0x0, 0x0,
    0x0, 0x0, 0x4e, 0xfd, 0x10, 0x0, 0x0, 0x0,
    0x0, 0x0, 0x0, 0x0, 0x0, 0x0, 0x0, 0x0,
    0x0, 0x0, 0x0, 0x0, 0x0, 0x0, 0xef, 0xff,
    0x50, 0x0, 0x0, 0x0, 0x0, 0x0, 0x0, 0x6,
    0xff, 0xff, 0xc0, 0x0, 0x0, 0x0, 0x0, 0x0,
    0x0, 0xd, 0xff, 0xff, 0xf3, 0x0, 0x0, 0x0,
    0x0, 0x0, 0x0, 0x4f, 0xff, 0xff, 0xfa, 0x0,
    0x0, 0x0, 0x0, 0x0, 0x0, 0xbf, 0xfd, 0x8f,
    0xff, 0x10, 0x0, 0x0, 0x0, 0x0, 0x2, 0xff,
    0xf6, 0x1f, 0xff, 0x80, 0x0, 0x0, 0x0, 0x0,
    0x9, 0xff, 0xf0, 0xa, 0xff, 0xe0, 0x0, 0x0,
    0x0, 0x0, 0x1f, 0xff, 0x90, 0x4, 0xff, 0xf6,
    0x0, 0x0, 0x0, 0x0, 0x7f, 0xff, 0x20, 0x0,
    0xdf, 0xfd, 0x0, 0x0, 0x0, 0x0, 0xef, 0xfb,
    0x0, 0x0, 0x6f, 0xff, 0x40, 0x0, 0x0, 0x5,
    0xff, 0xff, 0xff, 0xff, 0xff, 0xff, 0xb0, 0x0,
    0x0, 0xc, 0xff, 0xff, 0xff, 0xff, 0xff, 0xff,
    0xf3, 0x0, 0x0, 0x3f, 0xff, 0xff, 0xff, 0xff,
    0xff, 0xff, 0xfa, 0x0, 0x0, 0xaf, 0xff, 0x10,
    0x0, 0x0, 0x0, 0xcf, 0xff, 0x10, 0x2, 0xff,
    0xfb, 0x0, 0x0, 0x0, 0x0, 0x6f, 0xff, 0x80,
    0x8, 0xff, 0xf5, 0x0, 0x0, 0x0, 0x0, 0xf,
    0xff, 0xe0, 0xf, 0xff, 0xe0, 0x0, 0x0, 0x0,
    0x0, 0xa, 0xff, 0xf6,

    /* U+00C1 "Á" */
    0x0, 0x0, 0x0, 0x0, 0x0, 0x7, 0x88, 0x70,
    0x0, 0x0, 0x0, 0x0, 0x0, 0x0, 0x0, 0xaf,
    0xfd, 0x20, 0x0, 0x0, 0x0, 0x0, 0x0, 0x0,
    0x9, 0xff, 0xb1, 0x0, 0x0, 0x0, 0x0, 0x0,
    0x0, 0x0, 0x8f, 0xf8, 0x0, 0x0, 0x0, 0x0,
    0x0, 0x0, 0x0, 0x0, 0x0, 0x0, 0x0, 0x0,
    0x0, 0x0, 0x0, 0x0, 0x0, 0x0, 0xef, 0xff,
    0x50, 0x0, 0x0, 0x0, 0x0, 0x0, 0x0, 0x6,
    0xff, 0xff, 0xc0, 0x0, 0x0, 0x0, 0x0, 0x0,
    0x0, 0xd, 0xff, 0xff, 0xf3, 0x0, 0x0, 0x0,
    0x0, 0x0, 0x0, 0x4f, 0xff, 0xff, 0xfa, 0x0,
    0x0, 0x0, 0x0, 0x0, 0x0, 0xbf, 0xfd, 0x8f,
    0xff, 0x10, 0x0, 0x0, 0x0, 0x0, 0x2, 0xff,
    0xf6, 0x1f, 0xff, 0x80, 0x0, 0x0, 0x0, 0x0,
    0x9, 0xff, 0xf0, 0xa, 0xff, 0xe0, 0x0, 0x0,
    0x0, 0x0, 0x1f, 0xff, 0x90, 0x4, 0xff, 0xf6,
    0x0, 0x0, 0x0, 0x0, 0x7f, 0xff, 0x20, 0x0,
    0xdf, 0xfd, 0x0, 0x0, 0x0, 0x0, 0xef, 0xfb,
    0x0, 0x0, 0x6f, 0xff, 0x40, 0x0, 0x0, 0x5,
    0xff, 0xff, 0xff, 0xff, 0xff, 0xff, 0xb0, 0x0,
    0x0, 0xc, 0xff, 0xff, 0xff, 0xff, 0xff, 0xff,
    0xf3, 0x0, 0x0, 0x3f, 0xff, 0xff, 0xff, 0xff,
    0xff, 0xff, 0xfa, 0x0, 0x0, 0xaf, 0xff, 0x10,
    0x0, 0x0, 0x0, 0xcf, 0xff, 0x10, 0x2, 0xff,
    0xfb, 0x0, 0x0, 0x0, 0x0, 0x6f, 0xff, 0x80,
    0x8, 0xff, 0xf5, 0x0, 0x0, 0x0, 0x0, 0xf,
    0xff, 0xe0, 0xf, 0xff, 0xe0, 0x0, 0x0, 0x0,
    0x0, 0xa, 0xff, 0xf6,

    /* U+00C2 "Â" */
    0x0, 0x0, 0x0, 0x0, 0x58, 0x87, 0x0, 0x0,
    0x0, 0x0, 0x0, 0x0, 0x0, 0x6, 0xff, 0xff,
    0xb0, 0x0, 0x0, 0x0, 0x0, 0x0, 0x0, 0x4f,
    0xfc, 0x7f, 0xfa, 0x0, 0x0, 0x0, 0x0, 0x0,
    0x3, 0xff, 0xa0, 0x5, 0xff, 0x80, 0x0, 0x0,
    0x0, 0x0, 0x0, 0x0, 0x0, 0x0, 0x0, 0x0,
    0x0, 0x0, 0x0, 0x0, 0x0, 0x0, 0xef, 0xff,
    0x50, 0x0, 0x0, 0x0, 0x0, 0x0, 0x0, 0x6,
    0xff, 0xff, 0xc0, 0x0, 0x0, 0x0, 0x0, 0x0,
    0x0, 0xd, 0xff, 0xff, 0xf3, 0x0, 0x0, 0x0,
    0x0, 0x0, 0x0, 0x4f, 0xff, 0xff, 0xfa, 0x0,
    0x0, 0x0, 0x0, 0x0, 0x0, 0xbf, 0xfd, 0x8f,
    0xff, 0x10, 0x0, 0x0, 0x0, 0x0, 0x2, 0xff,
    0xf6, 0x1f, 0xff, 0x80, 0x0, 0x0, 0x0, 0x0,
    0x9, 0xff, 0xf0, 0xa, 0xff, 0xe0, 0x0, 0x0,
    0x0, 0x0, 0x1f, 0xff, 0x90, 0x4, 0xff, 0xf6,
    0x0, 0x0, 0x0, 0x0, 0x7f, 0xff, 0x20, 0x0,
    0xdf, 0xfd, 0x0, 0x0, 0x0, 0x0, 0xef, 0xfb,
    0x0, 0x0, 0x6f, 0xff, 0x40, 0x0, 0x0, 0x5,
    0xff, 0xff, 0xff, 0xff, 0xff, 0xff, 0xb0, 0x0,
    0x0, 0xc, 0xff, 0xff, 0xff, 0xff, 0xff, 0xff,
    0xf3, 0x0, 0x0, 0x3f, 0xff, 0xff, 0xff, 0xff,
    0xff, 0xff, 0xfa, 0x0, 0x0, 0xaf, 0xff, 0x10,
    0x0, 0x0, 0x0, 0xcf, 0xff, 0x10, 0x2, 0xff,
    0xfb, 0x0, 0x0, 0x0, 0x0, 0x6f, 0xff, 0x80,
    0x8, 0xff, 0xf5, 0x0, 0x0, 0x0, 0x0, 0xf,
    0xff, 0xe0, 0xf, 0xff, 0xe0, 0x0, 0x0, 0x0,
    0x0, 0xa, 0xff, 0xf6,

    /* U+00C3 "Ã" */
    0x0, 0x0, 0x0, 0x3d, 0xf9, 0x0, 0x1f, 0xe0,
    0x0, 0x0, 0x0, 0x0, 0x0, 0xef, 0xff, 0xd2,
    0x7f, 0xc0, 0x0, 0x0, 0x0, 0x0, 0x6, 0xfd,
    0x4b, 0xff, 0xff, 0x60, 0x0, 0x0, 0x0, 0x0,
    0x8, 0xf7, 0x0, 0x9f, 0xfb, 0x0, 0x0, 0x0,
    0x0, 0x0, 0x1, 0x31, 0x0, 0x1, 0x20, 0x0,
    0x0, 0x0, 0x0, 0x0, 0x0, 0x0, 0xef, 0xff,
    0x50, 0x0, 0x0, 0x0, 0x0, 0x0, 0x0, 0x6,
    0xff, 0xff, 0xc0, 0x0, 0x0, 0x0, 0x0, 0x0,
    0x0, 0xd, 0xff, 0xff, 0xf3, 0x0, 0x0, 0x0,
    0x0, 0x0, 0x0, 0x4f, 0xff, 0xff, 0xfa, 0x0,
    0x0, 0x0, 0x0, 0x0, 0x0, 0xbf, 0xfd, 0x8f,
    0xff, 0x10, 0x0, 0x0, 0x0, 0x0, 0x2, 0xff,
    0xf6, 0x1f, 0xff, 0x80, 0x0, 0x0, 0x0, 0x0,
    0x9, 0xff, 0xf0, 0xa, 0xff, 0xe0, 0x0, 0x0,
    0x0, 0x0, 0x1f, 0xff, 0x90, 0x4, 0xff, 0xf6,
    0x0, 0x0, 0x0, 0x0, 0x7f, 0xff, 0x20, 0x0,
    0xdf, 0xfd, 0x0, 0x0, 0x0, 0x0, 0xef, 0xfb,
    0x0, 0x0, 0x6f, 0xff, 0x40, 0x0, 0x0, 0x5,
    0xff, 0xff, 0xff, 0xff, 0xff, 0xff, 0xb0, 0x0,
    0x0, 0xc, 0xff, 0xff, 0xff, 0xff, 0xff, 0xff,
    0xf3, 0x0, 0x0, 0x3f, 0xff, 0xff, 0xff, 0xff,
    0xff, 0xff, 0xfa, 0x0, 0x0, 0xaf, 0xff, 0x10,
    0x0, 0x0, 0x0, 0xcf, 0xff, 0x10, 0x2, 0xff,
    0xfb, 0x0, 0x0, 0x0, 0x0, 0x6f, 0xff, 0x80,
    0x8, 0xff, 0xf5, 0x0, 0x0, 0x0, 0x0, 0xf,
    0xff, 0xe0, 0xf, 0xff, 0xe0, 0x0, 0x0, 0x0,
    0x0, 0xa, 0xff, 0xf6,

    /* U+00C4 "Ä" */
    0x0, 0x0, 0x0, 0x3, 0x10, 0x0, 0x31, 0x0,
    0x0, 0x0, 0x0, 0x0, 0x0, 0x9f, 0xf2, 0xc,
    0xfe, 0x10, 0x0, 0x0, 0x0, 0x0, 0x0, 0xdf,
    0xf5, 0xf, 0xff, 0x30, 0x0, 0x0, 0x0, 0x0,
    0x0, 0x6f, 0xc1, 0x8, 0xfb, 0x0, 0x0, 0x0,
    0x0, 0x0, 0x0, 0x0, 0x0, 0x0, 0x0, 0x0,
    0x0, 0x0, 0x0, 0x0, 0x0, 0x0, 0xef, 0xff,
    0x50, 0x0, 0x0, 0x0, 0x0, 0x0, 0x0, 0x6,
    0xff, 0xff, 0xc0, 0x0, 0x0, 0x0, 0x0, 0x0,
    0x0, 0xd, 0xff, 0xff, 0xf3, 0x0, 0x0, 0x0,
    0x0, 0x0, 0x0, 0x4f, 0xff, 0xff, 0xfa, 0x0,
    0x0, 0x0, 0x0, 0x0, 0x0, 0xbf, 0xfd, 0x8f,
    0xff, 0x10, 0x0, 0x0, 0x0, 0x0, 0x2, 0xff,
    0xf6, 0x1f, 0xff, 0x80, 0x0, 0x0, 0x0, 0x0,
    0x9, 0xff, 0xf0, 0xa, 0xff, 0xe0, 0x0, 0x0,
    0x0, 0x0, 0x1f, 0xff, 0x90, 0x4, 0xff, 0xf6,
    0x0, 0x0, 0x0, 0x0, 0x7f, 0xff, 0x20, 0x0,
    0xdf, 0xfd, 0x0, 0x0, 0x0, 0x0, 0xef, 0xfb,
    0x0, 0x0, 0x6f, 0xff, 0x40, 0x0, 0x0, 0x5,
    0xff, 0xff, 0xff, 0xff, 0xff, 0xff, 0xb0, 0x0,
    0x0, 0xc, 0xff, 0xff, 0xff, 0xff, 0xff, 0xff,
    0xf3, 0x0, 0x0, 0x3f, 0xff, 0xff, 0xff, 0xff,
    0xff, 0xff, 0xfa, 0x0, 0x0, 0xaf, 0xff, 0x10,
    0x0, 0x0, 0x0, 0xcf, 0xff, 0x10, 0x2, 0xff,
    0xfb, 0x0, 0x0, 0x0, 0x0, 0x6f, 0xff, 0x80,
    0x8, 0xff, 0xf5, 0x0, 0x0, 0x0, 0x0, 0xf,
    0xff, 0xe0, 0xf, 0xff, 0xe0, 0x0, 0x0, 0x0,
    0x0, 0xa, 0xff, 0xf6,

    /* U+00C5 "Å" */
    0x0, 0x0, 0x0, 0x0, 0x0, 0x10, 0x0, 0x0,
    0x0, 0x0, 0x0, 0x0, 0x0, 0x0, 0x9f, 0xfc,
    0x20, 0x0, 0x0, 0x0, 0x0, 0x0, 0x0, 0x8,
    0xf7, 0x5e, 0xd0, 0x0, 0x0, 0x0, 0x0, 0x0,
    0x0, 0xb, 0xc0, 0x6, 0xf2, 0x0, 0x0, 0x0,
    0x0, 0x0, 0x0, 0x9, 0xf4, 0x2c, 0xe0, 0x0,
    0x0, 0x0, 0x0, 0x0, 0x0, 0x1, 0xcf, 0xfe,
    0x40, 0x0, 0x0, 0x0, 0x0, 0x0, 0x0, 0x0,
    0x2, 0x30, 0x0, 0x0, 0x0, 0x0, 0x0, 0x0,
    0x0, 0x0, 0xef, 0xff, 0x50, 0x0, 0x0, 0x0,
    0x0, 0x0, 0x0, 0x6, 0xff, 0xff, 0xc0, 0x0,
    0x0, 0x0, 0x0, 0x0, 0x0, 0xd, 0xff, 0xff,
    0xf3, 0x0, 0x0, 0x0, 0x0, 0x0, 0x0, 0x4f,
    0xff, 0xff, 0xfa, 0x0, 0x0, 0x0, 0x0, 0x0,
    0x0, 0xbf, 0xfd, 0x8f, 0xff, 0x10, 0x0, 0x0,
    0x0, 0x0, 0x2, 0xff, 0xf6, 0x1f, 0xff, 0x80,
    0x0, 0x0, 0x0, 0x0, 0x9, 0xff, 0xf0, 0xa,
    0xff, 0xe0, 0x0, 0x0, 0x0, 0x0, 0x1f, 0xff,
    0x90, 0x4, 0xff, 0xf6, 0x0, 0x0, 0x0, 0x0,
    0x7f, 0xff, 0x20, 0x0, 0xdf, 0xfd, 0x0, 0x0,
    0x0, 0x0, 0xef, 0xfb, 0x0, 0x0, 0x6f, 0xff,
    0x40, 0x0, 0x0, 0x5, 0xff, 0xff, 0xff, 0xff,
    0xff, 0xff, 0xb0, 0x0, 0x0, 0xc, 0xff, 0xff,
    0xff, 0xff, 0xff, 0xff, 0xf3, 0x0, 0x0, 0x3f,
    0xff, 0xff, 0xff, 0xff, 0xff, 0xff, 0xfa, 0x0,
    0x0, 0xaf, 0xff, 0x10, 0x0, 0x0, 0x0, 0xcf,
    0xff, 0x10, 0x2, 0xff, 0xfb, 0x0, 0x0, 0x0,
    0x0, 0x6f, 0xff, 0x80, 0x8, 0xff, 0xf5, 0x0,
    0x0, 0x0, 0x0, 0xf, 0xff, 0xe0, 0xf, 0xff,
    0xe0, 0x0, 0x0, 0x0, 0x0, 0xa, 0xff, 0xf6,

    /* U+00C6 "Æ" */
    0x0, 0x0, 0x0, 0x0, 0x1, 0xff, 0xff, 0xff,
    0xff, 0xff, 0xff, 0xff, 0xf8, 0x0, 0x0, 0x0,
    0x0, 0x9, 0xff, 0xff, 0xff, 0xff, 0xff, 0xff,
    0xff, 0xf8, 0x0, 0x0, 0x0, 0x0, 0x2f, 0xff,
    0xff, 0xff, 0xff, 0xff, 0xff, 0xff, 0xf8, 0x0,
    0x0, 0x0, 0x0, 0xbf, 0xff, 0x5f, 0xff, 0xb1,
    0x11, 0x11, 0x11, 0x10, 0x0, 0x0, 0x0, 0x3,
    0xff, 0xf7, 0x3f, 0xff, 0xa0, 0x0, 0x0, 0x0,
    0x0, 0x0, 0x0, 0x0, 0xc, 0xff, 0xd0, 0x3f,
    0xff, 0xa0, 0x0, 0x0, 0x0, 0x0, 0x0, 0x0,
    0x0, 0x5f, 0xff, 0x50, 0x3f, 0xff, 0xa0, 0x0,
    0x0, 0x0, 0x0, 0x0, 0x0, 0x0, 0xef, 0xfc,
    0x0, 0x3f, 0xff, 0xff, 0xff, 0xff, 0xff, 0x80,
    0x0, 0x0, 0x7, 0xff, 0xf3, 0x0, 0x3f, 0xff,
    0xff, 0xff, 0xff, 0xff, 0x80, 0x0, 0x0, 0x1f,
    0xff, 0xa0, 0x0, 0x3f, 0xff, 0xff, 0xff, 0xff,
    0xff, 0x80, 0x0, 0x0, 0x9f, 0xff, 0xff, 0xff,
    0xff, 0xff, 0xa0, 0x0, 0x0, 0x0, 0x0, 0x0,
    0x2, 0xff, 0xff, 0xff, 0xff, 0xff, 0xff, 0xa0,
    0x0, 0x0, 0x0, 0x0, 0x0, 0xb, 0xff, 0xff,
    0xff, 0xff, 0xff, 0xff, 0xa0, 0x0, 0x0, 0x0,
    0x0, 0x0, 0x4f, 0xff, 0x70, 0x0, 0x0, 0x3f,
    0xff, 0xb1, 0x11, 0x11, 0x11, 0x11, 0x0, 0xdf,
    0xfe, 0x0, 0x0, 0x0, 0x3f, 0xff, 0xff, 0xff,
    0xff, 0xff, 0xfd, 0x6, 0xff, 0xf8, 0x0, 0x0,
    0x0, 0x3f, 0xff, 0xff, 0xff, 0xff, 0xff, 0xfd,
    0xe, 0xff, 0xf1, 0x0, 0x0, 0x0, 0x3f, 0xff,
    0xff, 0xff, 0xff, 0xff, 0xfd,

    /* U+00C7 "Ç" */
    0x0, 0x0, 0x0, 0x5a, 0xdf, 0xfd, 0xb6, 0x0,
    0x0, 0x0, 0x4, 0xef, 0xff, 0xff, 0xff, 0xfe,
    0x50, 0x0, 0x8, 0xff, 0xff, 0xff, 0xff, 0xff,
    0xff, 0x70, 0x6, 0xff, 0xff, 0xe9, 0x65, 0x7c,
    0xff, 0xf6, 0x1, 0xff, 0xff, 0xa0, 0x0, 0x0,
    0x5, 0xe4, 0x0, 0x8f, 0xff, 0xc0, 0x0, 0x0,
    0x0, 0x0, 0x0, 0xd, 0xff, 0xf4, 0x0, 0x0,
    0x0, 0x0, 0x0, 0x0, 0xff, 0xff, 0x0, 0x0,
    0x0, 0x0, 0x0, 0x0, 0xf, 0xff, 0xe0, 0x0,
    0x0, 0x0, 0x0, 0x0, 0x0, 0xff, 0xff, 0x0,
    0x0, 0x0, 0x0, 0x0, 0x0, 0xd, 0xff, 0xf4,
    0x0, 0x0, 0x0, 0x0, 0x0, 0x0, 0x8f, 0xff,
    0xc0, 0x0, 0x0, 0x0, 0x0, 0x0, 0x1, 0xff,
    0xff, 0xa0, 0x0, 0x0, 0x5, 0xe4, 0x0, 0x6,
    0xff, 0xff, 0xe8, 0x54, 0x7c, 0xff, 0xf6, 0x0,
    0x8, 0xff, 0xff, 0xff, 0xff, 0xff, 0xff, 0x70,
    0x0, 0x5, 0xef, 0xff, 0xff, 0xff, 0xfe, 0x50,
    0x0, 0x0, 0x0, 0x6a, 0xff, 0xfd, 0xb6, 0x0,
    0x0, 0x0, 0x0, 0x0, 0x5, 0xfb, 0x0, 0x0,
    0x0, 0x0, 0x0, 0x0, 0x0, 0x8f, 0xfd, 0x20,
    0x0, 0x0, 0x0, 0x0, 0x0, 0x0, 0xd, 0xf9,
    0x0, 0x0, 0x0, 0x0, 0x0, 0xb, 0xcc, 0xff,
    0x60, 0x0, 0x0, 0x0, 0x0, 0x0, 0xbf, 0xfd,
    0x70, 0x0, 0x0,

    /* U+00C8 "È" */
    0x0, 0x38, 0x88, 0x30, 0x0, 0x0, 0x0, 0x0,
    0x8, 0xff, 0xf3, 0x0, 0x0, 0x0, 0x0, 0x0,
    0x5f, 0xfe, 0x20, 0x0, 0x0, 0x0, 0x0, 0x2,
    0xdf, 0xe2, 0x0, 0x0, 0x0, 0x0, 0x0, 0x0,
    0x0, 0x0, 0x0, 0xf, 0xff, 0xff, 0xff, 0xff,
    0xff, 0xfb, 0xf, 0xff, 0xff, 0xff, 0xff, 0xff,
    0xfb, 0xf, 0xff, 0xff, 0xff, 0xff, 0xff, 0xfb,
    0xf, 0xff, 0xd1, 0x11, 0x11, 0x11, 0x11, 0xf,
    0xff, 0xd0, 0x0, 0x0, 0x0, 0x0, 0xf, 0xff,
    0xd0, 0x0, 0x0, 0x0, 0x0, 0xf, 0xff, 0xd0,
    0x0, 0x0, 0x0, 0x0, 0xf, 0xff, 0xff, 0xff,
    0xff, 0xff, 0xa0, 0xf, 0xff, 0xff, 0xff, 0xff,
    0xff, 0xa0, 0xf, 0xff, 0xff, 0xff, 0xff, 0xff,
    0xa0, 0xf, 0xff, 0xd0, 0x0, 0x0, 0x0, 0x0,
    0xf, 0xff, 0xd0, 0x0, 0x0, 0x0, 0x0, 0xf,
    0xff, 0xd0, 0x0, 0x0, 0x0, 0x0, 0xf, 0xff,
    0xd1, 0x11, 0x11, 0x11, 0x11, 0xf, 0xff, 0xff,
    0xff, 0xff, 0xff, 0xff, 0xf, 0xff, 0xff, 0xff,
    0xff, 0xff, 0xff, 0xf, 0xff, 0xff, 0xff, 0xff,
    0xff, 0xff,

    /* U+00C9 "É" */
    0x0, 0x0, 0x0, 0x0, 0x68, 0x87, 0x10, 0x0,
    0x0, 0x0, 0x8, 0xff, 0xe4, 0x0, 0x0, 0x0,
    0x0, 0x7f, 0xfd, 0x20, 0x0, 0x0, 0x0, 0x6,
    0xff, 0xa0, 0x0, 0x0, 0x0, 0x0, 0x0, 0x0,
    0x0, 0x0, 0x0, 0xf, 0xff, 0xff, 0xff, 0xff,
    0xff, 0xfb, 0xf, 0xff, 0xff, 0xff, 0xff, 0xff,
    0xfb, 0xf, 0xff, 0xff, 0xff, 0xff, 0xff, 0xfb,
    0xf, 0xff, 0xd1, 0x11, 0x11, 0x11, 0x11, 0xf,
    0xff, 0xd0, 0x0, 0x0, 0x0, 0x0, 0xf, 0xff,
    0xd0, 0x0, 0x0, 0x0, 0x0, 0xf, 0xff, 0xd0,
    0x0, 0x0, 0x0, 0x0, 0xf, 0xff, 0xff, 0xff,
    0xff, 0xff, 0xa0, 0xf, 0xff, 0xff, 0xff, 0xff,
    0xff, 0xa0, 0xf, 0xff, 0xff, 0xff, 0xff, 0xff,
    0xa0, 0xf, 0xff, 0xd0, 0x0, 0x0, 0x0, 0x0,
    0xf, 0xff, 0xd0, 0x0, 0x0, 0x0, 0x0, 0xf,
    0xff, 0xd0, 0x0, 0x0, 0x0, 0x0, 0xf, 0xff,
    0xd1, 0x11, 0x11, 0x11, 0x11, 0xf, 0xff, 0xff,
    0xff, 0xff, 0xff, 0xff, 0xf, 0xff, 0xff, 0xff,
    0xff, 0xff, 0xff, 0xf, 0xff, 0xff, 0xff, 0xff,
    0xff, 0xff,

    /* U+00CA "Ê" */
    0x0, 0x0, 0x4, 0x88, 0x71, 0x0, 0x0, 0x0,
    0x0, 0x4f, 0xff, 0xfd, 0x10, 0x0, 0x0, 0x3,
    0xff, 0xd6, 0xff, 0xc0, 0x0, 0x0, 0x2e, 0xfb,
    0x10, 0x3e, 0xfb, 0x0, 0x0, 0x0, 0x0, 0x0,
    0x0, 0x0, 0x0, 0xf, 0xff, 0xff, 0xff, 0xff,
    0xff, 0xfb, 0xf, 0xff, 0xff, 0xff, 0xff, 0xff,
    0xfb, 0xf, 0xff, 0xff, 0xff, 0xff, 0xff, 0xfb,
    0xf, 0xff, 0xd1, 0x11, 0x11, 0x11, 0x11, 0xf,
    0xff, 0xd0, 0x0, 0x0, 0x0, 0x0, 0xf, 0xff,
    0xd0, 0x0, 0x0, 0x0, 0x0, 0xf, 0xff, 0xd0,
    0x0, 0x0, 0x0, 0x0, 0xf, 0xff, 0xff, 0xff,
    0xff, 0xff, 0xa0, 0xf, 0xff, 0xff, 0xff, 0xff,
    0xff, 0xa0, 0xf, 0xff, 0xff, 0xff, 0xff, 0xff,
    0xa0, 0xf, 0xff, 0xd0, 0x0, 0x0, 0x0, 0x0,
    0xf, 0xff, 0xd0, 0x0, 0x0, 0x0, 0x0, 0xf,
    0xff, 0xd0, 0x0, 0x0, 0x0, 0x0, 0xf, 0xff,
    0xd1, 0x11, 0x11, 0x11, 0x11, 0xf, 0xff, 0xff,
    0xff, 0xff, 0xff, 0xff, 0xf, 0xff, 0xff, 0xff,
    0xff, 0xff, 0xff, 0xf, 0xff, 0xff, 0xff, 0xff,
    0xff, 0xff,

    /* U+00CB "Ë" */
    0x0, 0x0, 0x32, 0x0, 0x3, 0x10, 0x0, 0x0,
    0x7, 0xff, 0x40, 0x9f, 0xf2, 0x0, 0x0, 0xb,
    0xff, 0x80, 0xdf, 0xf6, 0x0, 0x0, 0x4, 0xed,
    0x20, 0x6f, 0xc1, 0x0, 0x0, 0x0, 0x0, 0x0,
    0x0, 0x0, 0x0, 0xf, 0xff, 0xff, 0xff, 0xff,
    0xff, 0xfb, 0xf, 0xff, 0xff, 0xff, 0xff, 0xff,
    0xfb, 0xf, 0xff, 0xff, 0xff, 0xff, 0xff, 0xfb,
    0xf, 0xff, 0xd1, 0x11, 0x11, 0x11, 0x11, 0xf,
    0xff, 0xd0, 0x0, 0x0, 0x0, 0x0, 0xf, 0xff,
    0xd0, 0x0, 0x0, 0x0, 0x0, 0xf, 0xff, 0xd0,
    0x0, 0x0, 0x0, 0x0, 0xf, 0xff, 0xff, 0xff,
    0xff, 0xff, 0xa0, 0xf, 0xff, 0xff, 0xff, 0xff,
    0xff, 0xa0, 0xf, 0xff, 0xff, 0xff, 0xff, 0xff,
    0xa0, 0xf, 0xff, 0xd0, 0x0, 0x0, 0x0, 0x0,
    0xf, 0xff, 0xd0, 0x0, 0x0, 0x0, 0x0, 0xf,
    0xff, 0xd0, 0x0, 0x0, 0x0, 0x0, 0xf, 0xff,
    0xd1, 0x11, 0x11, 0x11, 0x11, 0xf, 0xff, 0xff,
    0xff, 0xff, 0xff, 0xff, 0xf, 0xff, 0xff, 0xff,
    0xff, 0xff, 0xff, 0xf, 0xff, 0xff, 0xff, 0xff,
    0xff, 0xff,

    /* U+00CC "Ì" */
    0x6, 0x88, 0x70, 0x0, 0x0, 0x1c, 0xff, 0xc0,
    0x0, 0x0, 0xa, 0xff, 0xb0, 0x0, 0x0, 0x7,
    0xff, 0xa0, 0x0, 0x0, 0x0, 0x0, 0x0, 0x0,
    0xf, 0xff, 0xe0, 0x0, 0x0, 0xff, 0xfe, 0x0,
    0x0, 0xf, 0xff, 0xe0, 0x0, 0x0, 0xff, 0xfe,
    0x0, 0x0, 0xf, 0xff, 0xe0, 0x0, 0x0, 0xff,
    0xfe, 0x0, 0x0, 0xf, 0xff, 0xe0, 0x0, 0x0,
    0xff, 0xfe, 0x0, 0x0, 0xf, 0xff, 0xe0, 0x0,
    0x0, 0xff, 0xfe, 0x0, 0x0, 0xf, 0xff, 0xe0,
    0x0, 0x0, 0xff, 0xfe, 0x0, 0x0, 0xf, 0xff,
    0xe0, 0x0, 0x0, 0xff, 0xfe, 0x0, 0x0, 0xf,
    0xff, 0xe0, 0x0, 0x0, 0xff, 0xfe, 0x0, 0x0,
    0xf, 0xff, 0xe0,

    /* U+00CD "Í" */
    0x0, 0x1, 0x88, 0x85, 0x0, 0x1, 0xdf, 0xfb,
    0x10, 0x0, 0xcf, 0xf8, 0x0, 0x0, 0xcf, 0xf5,
    0x0, 0x0, 0x0, 0x0, 0x0, 0x0, 0x0, 0xff,
    0xfe, 0x0, 0x0, 0xf, 0xff, 0xe0, 0x0, 0x0,
    0xff, 0xfe, 0x0, 0x0, 0xf, 0xff, 0xe0, 0x0,
    0x0, 0xff, 0xfe, 0x0, 0x0, 0xf, 0xff, 0xe0,
    0x0, 0x0, 0xff, 0xfe, 0x0, 0x0, 0xf, 0xff,
    0xe0, 0x0, 0x0, 0xff, 0xfe, 0x0, 0x0, 0xf,
    0xff, 0xe0, 0x0, 0x0, 0xff, 0xfe, 0x0, 0x0,
    0xf, 0xff, 0xe0, 0x0, 0x0, 0xff, 0xfe, 0x0,
    0x0, 0xf, 0xff, 0xe0, 0x0, 0x0, 0xff, 0xfe,
    0x0, 0x0, 0xf, 0xff, 0xe0, 0x0, 0x0, 0xff,
    0xfe, 0x0, 0x0,

    /* U+00CE "Î" */
    0x0, 0x7, 0x88, 0x60, 0x0, 0x0, 0x9f, 0xff,
    0xf7, 0x0, 0x8, 0xff, 0x8a, 0xff, 0x60, 0x6f,
    0xf6, 0x0, 0x8f, 0xf5, 0x0, 0x0, 0x0, 0x0,
    0x0, 0x0, 0xf, 0xff, 0xe0, 0x0, 0x0, 0xf,
    0xff, 0xe0, 0x0, 0x0, 0xf, 0xff, 0xe0, 0x0,
    0x0, 0xf, 0xff, 0xe0, 0x0, 0x0, 0xf, 0xff,
    0xe0, 0x0, 0x0, 0xf, 0xff, 0xe0, 0x0, 0x0,
    0xf, 0xff, 0xe0, 0x0, 0x0, 0xf, 0xff, 0xe0,
    0x0, 0x0, 0xf, 0xff, 0xe0, 0x0, 0x0, 0xf,
    0xff, 0xe0, 0x0, 0x0, 0xf, 0xff, 0xe0, 0x0,
    0x0, 0xf, 0xff, 0xe0, 0x0, 0x0, 0xf, 0xff,
    0xe0, 0x0, 0x0, 0xf, 0xff, 0xe0, 0x0, 0x0,
    0xf, 0xff, 0xe0, 0x0, 0x0, 0xf, 0xff, 0xe0,
    0x0, 0x0, 0xf, 0xff, 0xe0, 0x0,

    /* U+00CF "Ï" */
    0x0, 0x30, 0x0, 0x13, 0x0, 0xd, 0xfd, 0x1,
    0xef, 0xc0, 0x1f, 0xff, 0x14, 0xff, 0xf0, 0x9,
    0xf9, 0x0, 0xbf, 0x80, 0x0, 0x0, 0x0, 0x0,
    0x0, 0x0, 0xf, 0xff, 0xe0, 0x0, 0x0, 0xf,
    0xff, 0xe0, 0x0, 0x0, 0xf, 0xff, 0xe0, 0x0,
    0x0, 0xf, 0xff, 0xe0, 0x0, 0x0, 0xf, 0xff,
    0xe0, 0x0, 0x0, 0xf, 0xff, 0xe0, 0x0, 0x0,
    0xf, 0xff, 0xe0, 0x0, 0x0, 0xf, 0xff, 0xe0,
    0x0, 0x0, 0xf, 0xff, 0xe0, 0x0, 0x0, 0xf,
    0xff, 0xe0, 0x0, 0x0, 0xf, 0xff, 0xe0, 0x0,
    0x0, 0xf, 0xff, 0xe0, 0x0, 0x0, 0xf, 0xff,
    0xe0, 0x0, 0x0, 0xf, 0xff, 0xe0, 0x0, 0x0,
    0xf, 0xff, 0xe0, 0x0, 0x0, 0xf, 0xff, 0xe0,
    0x0, 0x0, 0xf, 0xff, 0xe0, 0x0,

    /* U+00D0 "Ð" */
    0x0, 0xbf, 0xff, 0xff, 0xff, 0xfe, 0xb7, 0x10,
    0x0, 0x0, 0x0, 0xbf, 0xff, 0xff, 0xff, 0xff,
    0xff, 0xf6, 0x0, 0x0, 0x0, 0xbf, 0xff, 0xff,
    0xff, 0xff, 0xff, 0xff, 0xb0, 0x0, 0x0, 0xbf,
    0xff, 0x52, 0x22, 0x36, 0xcf, 0xff, 0xf9, 0x0,
    0x0, 0xbf, 0xff, 0x30, 0x0, 0x0, 0x7, 0xff,
    0xff, 0x40, 0x0, 0xbf, 0xff, 0x30, 0x0, 0x0,
    0x0, 0x9f, 0xff, 0xb0, 0x0, 0xbf, 0xff, 0x30,
    0x0, 0x0, 0x0, 0x1f, 0xff, 0xf0, 0xff, 0xff,
    0xff, 0xff, 0xff, 0x60, 0x0, 0xd, 0xff, 0xf2,
    0xff, 0xff, 0xff, 0xff, 0xff, 0x60, 0x0, 0xc,
    0xff, 0xf3, 0x89, 0xff, 0xff, 0xc9, 0x99, 0x30,
    0x0, 0xd, 0xff, 0xf2, 0x0, 0xbf, 0xff, 0x30,
    0x0, 0x0, 0x0, 0x1f, 0xff, 0xf0, 0x0, 0xbf,
    0xff, 0x30, 0x0, 0x0, 0x0, 0x9f, 0xff, 0xb0,
    0x0, 0xbf, 0xff, 0x30, 0x0, 0x0, 0x6, 0xff,
    0xff, 0x40, 0x0, 0xbf, 0xff, 0x52, 0x22, 0x36,
    0xcf, 0xff, 0xf9, 0x0, 0x0, 0xbf, 0xff, 0xff,
    0xff, 0xff, 0xff, 0xff, 0xb0, 0x0, 0x0, 0xbf,
    0xff, 0xff, 0xff, 0xff, 0xff, 0xf6, 0x0, 0x0,
    0x0, 0xbf, 0xff, 0xff, 0xff, 0xfe, 0xb7, 0x10,
    0x0, 0x0,

    /* U+00D1 "Ñ" */
    0x0, 0x0, 0x9, 0xfd, 0x40, 0x9, 0xf6, 0x0,
    0x0, 0x0, 0x7, 0xff, 0xff, 0x71, 0xef, 0x40,
    0x0, 0x0, 0x0, 0xef, 0x86, 0xff, 0xff, 0xe0,
    0x0, 0x0, 0x0, 0xf, 0xf0, 0x3, 0xdf, 0xf4,
    0x0, 0x0, 0x0, 0x0, 0x32, 0x0, 0x0, 0x20,
    0x0, 0x0, 0x0, 0xff, 0xf9, 0x0, 0x0, 0x0,
    0x7, 0xff, 0xf6, 0xf, 0xff, 0xf6, 0x0, 0x0,
    0x0, 0x7f, 0xff, 0x60, 0xff, 0xff, 0xf3, 0x0,
    0x0, 0x7, 0xff, 0xf6, 0xf, 0xff, 0xff, 0xe1,
    0x0, 0x0, 0x7f, 0xff, 0x60, 0xff, 0xff, 0xff,
    0xc0, 0x0, 0x7, 0xff, 0xf6, 0xf, 0xff, 0xff,
    0xff, 0xa0, 0x0, 0x7f, 0xff, 0x60, 0xff, 0xff,
    0xff, 0xff, 0x70, 0x7, 0xff, 0xf6, 0xf, 0xff,
    0xd7, 0xff, 0xff, 0x40, 0x7f, 0xff, 0x60, 0xff,
    0xfd, 0xa, 0xff, 0xfe, 0x27, 0xff, 0xf6, 0xf,
    0xff, 0xd0, 0xd, 0xff, 0xfd, 0x7f, 0xff, 0x60,
    0xff, 0xfd, 0x0, 0x2e, 0xff, 0xff, 0xff, 0xf6,
    0xf, 0xff, 0xd0, 0x0, 0x4f, 0xff, 0xff, 0xff,
    0x60, 0xff, 0xfd, 0x0, 0x0, 0x7f, 0xff, 0xff,
    0xf6, 0xf, 0xff, 0xd0, 0x0, 0x0, 0xaf, 0xff,
    0xff, 0x60, 0xff, 0xfd, 0x0, 0x0, 0x0, 0xcf,
    0xff, 0xf6, 0xf, 0xff, 0xd0, 0x0, 0x0, 0x1,
    0xef, 0xff, 0x60, 0xff, 0xfd, 0x0, 0x0, 0x0,
    0x3, 0xff, 0xf6,

    /* U+00D2 "Ò" */
    0x0, 0x0, 0x4, 0x88, 0x82, 0x0, 0x0, 0x0,
    0x0, 0x0, 0x0, 0x0, 0x0, 0x8f, 0xfe, 0x30,
    0x0, 0x0, 0x0, 0x0, 0x0, 0x0, 0x0, 0x3,
    0xdf, 0xf4, 0x0, 0x0, 0x0, 0x0, 0x0, 0x0,
    0x0, 0x0, 0x7, 0x87, 0x0, 0x0, 0x0, 0x0,
    0x0, 0x0, 0x0, 0x0, 0x0, 0x0, 0x0, 0x0,
    0x0, 0x0, 0x0, 0x0, 0x0, 0x5a, 0xdf, 0xfe,
    0xb6, 0x10, 0x0, 0x0, 0x0, 0x0, 0x4d, 0xff,
    0xff, 0xff, 0xff, 0xf7, 0x0, 0x0, 0x0, 0x7,
    0xff, 0xff, 0xff, 0xff, 0xff, 0xff, 0xb0, 0x0,
    0x0, 0x6f, 0xff, 0xfe, 0x95, 0x57, 0xdf, 0xff,
    0xfa, 0x0, 0x1, 0xff, 0xff, 0xa0, 0x0, 0x0,
    0x7, 0xff, 0xff, 0x40, 0x8, 0xff, 0xfc, 0x0,
    0x0, 0x0, 0x0, 0x8f, 0xff, 0xb0, 0xd, 0xff,
    0xf4, 0x0, 0x0, 0x0, 0x0, 0x1f, 0xff, 0xf1,
    0xf, 0xff, 0xf0, 0x0, 0x0, 0x0, 0x0, 0xb,
    0xff, 0xf3, 0xf, 0xff, 0xe0, 0x0, 0x0, 0x0,
    0x0, 0xa, 0xff, 0xf4, 0xf, 0xff, 0xf0, 0x0,
    0x0, 0x0, 0x0, 0xb, 0xff, 0xf3, 0xd, 0xff,
    0xf4, 0x0, 0x0, 0x0, 0x0, 0xf, 0xff, 0xf1,
    0x8, 0xff, 0xfc, 0x0, 0x0, 0x0, 0x0, 0x8f,
    0xff, 0xc0, 0x1, 0xff, 0xff, 0xa0, 0x0, 0x0,
    0x7, 0xff, 0xff, 0x40, 0x0, 0x6f, 0xff, 0xfe,
    0x85, 0x57, 0xdf, 0xff, 0xfa, 0x0, 0x0, 0x8,
    0xff, 0xff, 0xff, 0xff, 0xff, 0xff, 0xb0, 0x0,
    0x0, 0x0, 0x4e, 0xff, 0xff, 0xff, 0xff, 0xf7,
    0x0, 0x0, 0x0, 0x0, 0x0, 0x5a, 0xdf, 0xfe,
    0xb7, 0x10, 0x0, 0x0,

    /* U+00D3 "Ó" */
    0x0, 0x0, 0x0, 0x0, 0x0, 0x7, 0x88, 0x60,
    0x0, 0x0, 0x0, 0x0, 0x0, 0x0, 0x1, 0xcf,
    0xfa, 0x10, 0x0, 0x0, 0x0, 0x0, 0x0, 0x0,
    0x2d, 0xff, 0x60, 0x0, 0x0, 0x0, 0x0, 0x0,
    0x0, 0x0, 0x68, 0x71, 0x0, 0x0, 0x0, 0x0,
    0x0, 0x0, 0x0, 0x0, 0x0, 0x0, 0x0, 0x0,
    0x0, 0x0, 0x0, 0x0, 0x0, 0x5a, 0xdf, 0xfe,
    0xb6, 0x10, 0x0, 0x0, 0x0, 0x0, 0x4d, 0xff,
    0xff, 0xff, 0xff, 0xf7, 0x0, 0x0, 0x0, 0x7,
    0xff, 0xff, 0xff, 0xff, 0xff, 0xff, 0xb0, 0x0,
    0x0, 0x6f, 0xff, 0xfe, 0x95, 0x57, 0xdf, 0xff,
    0xfa, 0x0, 0x1, 0xff, 0xff, 0xa0, 0x0, 0x0,
    0x7, 0xff, 0xff, 0x40, 0x8, 0xff, 0xfc, 0x0,
    0x0, 0x0, 0x0, 0x8f, 0xff, 0xb0, 0xd, 0xff,
    0xf4, 0x0, 0x0, 0x0, 0x0, 0x1f, 0xff, 0xf1,
    0xf, 0xff, 0xf0, 0x0, 0x0, 0x0, 0x0, 0xb,
    0xff, 0xf3, 0xf, 0xff, 0xe0, 0x0, 0x0, 0x0,
    0x0, 0xa, 0xff, 0xf4, 0xf, 0xff, 0xf0, 0x0,
    0x0, 0x0, 0x0, 0xb, 0xff, 0xf3, 0xd, 0xff,
    0xf4, 0x0, 0x0, 0x0, 0x0, 0xf, 0xff, 0xf1,
    0x8, 0xff, 0xfc, 0x0, 0x0, 0x0, 0x0, 0x8f,
    0xff, 0xc0, 0x1, 0xff, 0xff, 0xa0, 0x0, 0x0,
    0x7, 0xff, 0xff, 0x40, 0x0, 0x6f, 0xff, 0xfe,
    0x85, 0x57, 0xdf, 0xff, 0xfa, 0x0, 0x0, 0x8,
    0xff, 0xff, 0xff, 0xff, 0xff, 0xff, 0xb0, 0x0,
    0x0, 0x0, 0x4e, 0xff, 0xff, 0xff, 0xff, 0xf7,
    0x0, 0x0, 0x0, 0x0, 0x0, 0x5a, 0xdf, 0xfe,
    0xb7, 0x10, 0x0, 0x0,

    /* U+00D4 "Ô" */
    0x0, 0x0, 0x0, 0x0, 0x68, 0x87, 0x0, 0x0,
    0x0, 0x0, 0x0, 0x0, 0x0, 0x9, 0xff, 0xff,
    0xc0, 0x0, 0x0, 0x0, 0x0, 0x0, 0x0, 0xaf,
    0xf6, 0x3e, 0xfc, 0x10, 0x0, 0x0, 0x0, 0x0,
    0x3, 0x88, 0x30, 0x1, 0x78, 0x50, 0x0, 0x0,
    0x0, 0x0, 0x0, 0x0, 0x0, 0x0, 0x0, 0x0,
    0x0, 0x0, 0x0, 0x0, 0x0, 0x5a, 0xdf, 0xfe,
    0xb6, 0x10, 0x0, 0x0, 0x0, 0x0, 0x4d, 0xff,
    0xff, 0xff, 0xff, 0xf7, 0x0, 0x0, 0x0, 0x7,
    0xff, 0xff, 0xff, 0xff, 0xff, 0xff, 0xb0, 0x0,
    0x0, 0x6f, 0xff, 0xfe, 0x95, 0x57, 0xdf, 0xff,
    0xfa, 0x0, 0x1, 0xff, 0xff, 0xa0, 0x0, 0x0,
    0x7, 0xff, 0xff, 0x40, 0x8, 0xff, 0xfc, 0x0,
    0x0, 0x0, 0x0, 0x8f, 0xff, 0xb0, 0xd, 0xff,
    0xf4, 0x0, 0x0, 0x0, 0x0, 0x1f, 0xff, 0xf1,
    0xf, 0xff, 0xf0, 0x0, 0x0, 0x0, 0x0, 0xb,
    0xff, 0xf3, 0xf, 0xff, 0xe0, 0x0, 0x0, 0x0,
    0x0, 0xa, 0xff, 0xf4, 0xf, 0xff, 0xf0, 0x0,
    0x0, 0x0, 0x0, 0xb, 0xff, 0xf3, 0xd, 0xff,
    0xf4, 0x0, 0x0, 0x0, 0x0, 0xf, 0xff, 0xf1,
    0x8, 0xff, 0xfc, 0x0, 0x0, 0x0, 0x0, 0x8f,
    0xff, 0xc0, 0x1, 0xff, 0xff, 0xa0, 0x0, 0x0,
    0x7, 0xff, 0xff, 0x40, 0x0, 0x6f, 0xff, 0xfe,
    0x85, 0x57, 0xdf, 0xff, 0xfa, 0x0, 0x0, 0x8,
    0xff, 0xff, 0xff, 0xff, 0xff, 0xff, 0xb0, 0x0,
    0x0, 0x0, 0x4e, 0xff, 0xff, 0xff, 0xff, 0xf7,
    0x0, 0x0, 0x0, 0x0, 0x0, 0x5a, 0xdf, 0xfe,
    0xb7, 0x10, 0x0, 0x0,

    /* U+00D5 "Õ" */
    0x0, 0x0, 0x0, 0x4e, 0xf9, 0x10, 0x2f, 0xd0,
    0x0, 0x0, 0x0, 0x0, 0x1, 0xff, 0xff, 0xd4,
    0xaf, 0xb0, 0x0, 0x0, 0x0, 0x0, 0x7, 0xfd,
    0x4b, 0xff, 0xff, 0x40, 0x0, 0x0, 0x0, 0x0,
    0xa, 0xf6, 0x0, 0x7e, 0xe8, 0x0, 0x0, 0x0,
    0x0, 0x0, 0x0, 0x0, 0x0, 0x0, 0x0, 0x0,
    0x0, 0x0, 0x0, 0x0, 0x0, 0x5a, 0xdf, 0xfe,
    0xb6, 0x10, 0x0, 0x0, 0x0, 0x0, 0x4d, 0xff,
    0xff, 0xff, 0xff, 0xf7, 0x0, 0x0, 0x0, 0x7,
    0xff, 0xff, 0xff, 0xff, 0xff, 0xff, 0xb0, 0x0,
    0x0, 0x6f, 0xff, 0xfe, 0x95, 0x57, 0xdf, 0xff,
    0xfa, 0x0, 0x1, 0xff, 0xff, 0xa0, 0x0, 0x0,
    0x7, 0xff, 0xff, 0x40, 0x8, 0xff, 0xfc, 0x0,
    0x0, 0x0, 0x0, 0x8f, 0xff, 0xb0, 0xd, 0xff,
    0xf4, 0x0, 0x0, 0x0, 0x0, 0x1f, 0xff, 0xf1,
    0xf, 0xff, 0xf0, 0x0, 0x0, 0x0, 0x0, 0xb,
    0xff, 0xf3, 0xf, 0xff, 0xe0, 0x0, 0x0, 0x0,
    0x0, 0xa, 0xff, 0xf4, 0xf, 0xff, 0xf0, 0x0,
    0x0, 0x0, 0x0, 0xb, 0xff, 0xf3, 0xd, 0xff,
    0xf4, 0x0, 0x0, 0x0, 0x0, 0xf, 0xff, 0xf1,
    0x8, 0xff, 0xfc, 0x0, 0x0, 0x0, 0x0, 0x8f,
    0xff, 0xc0, 0x1, 0xff, 0xff, 0xa0, 0x0, 0x0,
    0x7, 0xff, 0xff, 0x40, 0x0, 0x6f, 0xff, 0xfe,
    0x85, 0x57, 0xdf, 0xff, 0xfa, 0x0, 0x0, 0x8,
    0xff, 0xff, 0xff, 0xff, 0xff, 0xff, 0xb0, 0x0,
    0x0, 0x0, 0x4e, 0xff, 0xff, 0xff, 0xff, 0xf7,
    0x0, 0x0, 0x0, 0x0, 0x0, 0x5a, 0xdf, 0xfe,
    0xb7, 0x10, 0x0, 0x0,

    /* U+00D6 "Ö" */
    0x0, 0x0, 0x0, 0x7f, 0xc0, 0x9, 0xfa, 0x0,
    0x0, 0x0, 0x0, 0x0, 0x0, 0xef, 0xf4, 0xf,
    0xff, 0x20, 0x0, 0x0, 0x0, 0x0, 0x0, 0xaf,
    0xf1, 0xc, 0xfe, 0x0, 0x0, 0x0, 0x0, 0x0,
    0x0, 0x3, 0x10, 0x0, 0x30, 0x0, 0x0, 0x0,
    0x0, 0x0, 0x0, 0x0, 0x0, 0x0, 0x0, 0x0,
    0x0, 0x0, 0x0, 0x0, 0x0, 0x5a, 0xdf, 0xfe,
    0xb6, 0x10, 0x0, 0x0, 0x0, 0x0, 0x4d, 0xff,
    0xff, 0xff, 0xff, 0xf7, 0x0, 0x0, 0x0, 0x7,
    0xff, 0xff, 0xff, 0xff, 0xff, 0xff, 0xb0, 0x0,
    0x0, 0x6f, 0xff, 0xfe, 0x95, 0x57, 0xdf, 0xff,
    0xfa, 0x0, 0x1, 0xff, 0xff, 0xa0, 0x0, 0x0,
    0x7, 0xff, 0xff, 0x40, 0x8, 0xff, 0xfc, 0x0,
    0x0, 0x0, 0x0, 0x8f, 0xff, 0xb0, 0xd, 0xff,
    0xf4, 0x0, 0x0, 0x0, 0x0, 0x1f, 0xff, 0xf1,
    0xf, 0xff, 0xf0, 0x0, 0x0, 0x0, 0x0, 0xb,
    0xff, 0xf3, 0xf, 0xff, 0xe0, 0x0, 0x0, 0x0,
    0x0, 0xa, 0xff, 0xf4, 0xf, 0xff, 0xf0, 0x0,
    0x0, 0x0, 0x0, 0xb, 0xff, 0xf3, 0xd, 0xff,
    0xf4, 0x0, 0x0, 0x0, 0x0, 0xf, 0xff, 0xf1,
    0x8, 0xff, 0xfc, 0x0, 0x0, 0x0, 0x0, 0x8f,
    0xff, 0xc0, 0x1, 0xff, 0xff, 0xa0, 0x0, 0x0,
    0x7, 0xff, 0xff, 0x40, 0x0, 0x6f, 0xff, 0xfe,
    0x85, 0x57, 0xdf, 0xff, 0xfa, 0x0, 0x0, 0x8,
    0xff, 0xff, 0xff, 0xff, 0xff, 0xff, 0xb0, 0x0,
    0x0, 0x0, 0x4e, 0xff, 0xff, 0xff, 0xff, 0xf7,
    0x0, 0x0, 0x0, 0x0, 0x0, 0x5a, 0xdf, 0xfe,
    0xb7, 0x10, 0x0, 0x0,

    /* U+00D7 "×" */
    0x0, 0x20, 0x0, 0x0, 0x20, 0x0, 0xae, 0x20,
    0x0, 0xae, 0x20, 0x9f, 0xfe, 0x20, 0xaf, 0xfe,
    0x2, 0xef, 0xfe, 0xbf, 0xff, 0x60, 0x2, 0xef,
    0xff, 0xff, 0x60, 0x0, 0x2, 0xff, 0xff, 0x80,
    0x0, 0x0, 0xaf, 0xff, 0xfe, 0x20, 0x0, 0xaf,
    0xff, 0xef, 0xfe, 0x20, 0x9f, 0xff, 0x62, 0xef,
    0xfe, 0x2, 0xef, 0x60, 0x2, 0xef, 0x60, 0x2,
    0x60, 0x0, 0x2, 0x60, 0x0,

    /* U+00D8 "Ø" */
    0x0, 0x0, 0x0, 0x0, 0x0, 0x0, 0x0, 0x68,
    0x60, 0x0, 0x0, 0x0, 0x0, 0x0, 0x0, 0x0,
    0x3, 0xff, 0x60, 0x0, 0x0, 0x0, 0x0, 0x5a,
    0xdf, 0xfe, 0xbf, 0xfd, 0x0, 0x0, 0x0, 0x0,
    0x4d, 0xff, 0xff, 0xff, 0xff, 0xfb, 0x0, 0x0,
    0x0, 0x7, 0xff, 0xff, 0xff, 0xff, 0xff, 0xff,
    0xb0, 0x0, 0x0, 0x6f, 0xff, 0xfe, 0x95, 0x5e,
    0xff, 0xff, 0xfa, 0x0, 0x1, 0xff, 0xff, 0xa0,
    0x0, 0xe, 0xff, 0xff, 0xff, 0x40, 0x8, 0xff,
    0xfc, 0x0, 0x0, 0x7f, 0xf1, 0x8f, 0xff, 0xb0,
    0xd, 0xff, 0xf4, 0x0, 0x1, 0xff, 0x80, 0x1f,
    0xff, 0xf1, 0xf, 0xff, 0xf0, 0x0, 0x9, 0xfe,
    0x10, 0xb, 0xff, 0xf3, 0xf, 0xff, 0xe0, 0x0,
    0x2f, 0xf7, 0x0, 0xa, 0xff, 0xf4, 0xf, 0xff,
    0xf0, 0x0, 0xbf, 0xd0, 0x0, 0xb, 0xff, 0xf3,
    0xd, 0xff, 0xf4, 0x3, 0xff, 0x50, 0x0, 0xf,
    0xff, 0xf1, 0x8, 0xff, 0xfc, 0xc, 0xfc, 0x0,
    0x0, 0x8f, 0xff, 0xc0, 0x1, 0xff, 0xff, 0xff,
    0xf3, 0x0, 0x7, 0xff, 0xff, 0x40, 0x0, 0x6f,
    0xff, 0xff, 0xf5, 0x57, 0xdf, 0xff, 0xfa, 0x0,
    0x0, 0x8, 0xff, 0xff, 0xff, 0xff, 0xff, 0xff,
    0xb0, 0x0, 0x0, 0x0, 0x6f, 0xff, 0xff, 0xff,
    0xff, 0xf7, 0x0, 0x0, 0x0, 0x0, 0x8f, 0xfc,
    0xdf, 0xfe, 0xb7, 0x10, 0x0, 0x0, 0x0, 0x1,
    0xff, 0x80, 0x0, 0x0, 0x0, 0x0, 0x0, 0x0,
    0x0, 0x4, 0x87, 0x0, 0x0, 0x0, 0x0, 0x0,
    0x0, 0x0,

    /* U+00D9 "Ù" */
    0x0, 0x2, 0x78, 0x85, 0x0, 0x0, 0x0, 0x0,
    0x0, 0x0, 0x4, 0xef, 0xf7, 0x0, 0x0, 0x0,
    0x0, 0x0, 0x0, 0x1, 0xaf, 0xf9, 0x0, 0x0,
    0x0, 0x0, 0x0, 0x0, 0x0, 0x58, 0x83, 0x0,
    0x0, 0x0, 0x0, 0x0, 0x0, 0x0, 0x0, 0x0,
    0x0, 0x0, 0x2, 0xff, 0xfb, 0x0, 0x0, 0x0,
    0xc, 0xff, 0xf1, 0x2f, 0xff, 0xb0, 0x0, 0x0,
    0x0, 0xcf, 0xff, 0x12, 0xff, 0xfb, 0x0, 0x0,
    0x0, 0xc, 0xff, 0xf1, 0x2f, 0xff, 0xb0, 0x0,
    0x0, 0x0, 0xcf, 0xff, 0x12, 0xff, 0xfb, 0x0,
    0x0, 0x0, 0xc, 0xff, 0xf1, 0x2f, 0xff, 0xb0,
    0x0, 0x0, 0x0, 0xcf, 0xff, 0x12, 0xff, 0xfb,
    0x0, 0x0, 0x0, 0xc, 0xff, 0xf1, 0x2f, 0xff,
    0xb0, 0x0, 0x0, 0x0, 0xcf, 0xff, 0x12, 0xff,
    0xfb, 0x0, 0x0, 0x0, 0xc, 0xff, 0xf1, 0x2f,
    0xff, 0xb0, 0x0, 0x0, 0x0, 0xcf, 0xff, 0x1,
    0xff, 0xfd, 0x0, 0x0, 0x0, 0xe, 0xff, 0xf0,
    0xe, 0xff, 0xf1, 0x0, 0x0, 0x2, 0xff, 0xfd,
    0x0, 0xaf, 0xff, 0x90, 0x0, 0x0, 0xaf, 0xff,
    0x90, 0x3, 0xff, 0xff, 0xc6, 0x46, 0xcf, 0xff,
    0xf2, 0x0, 0x8, 0xff, 0xff, 0xff, 0xff, 0xff,
    0xf7, 0x0, 0x0, 0x8, 0xff, 0xff, 0xff, 0xff,
    0xf7, 0x0, 0x0, 0x0, 0x2, 0x8c, 0xef, 0xec,
    0x81, 0x0, 0x0,

    /* U+00DA "Ú" */
    0x0, 0x0, 0x0, 0x0, 0x5, 0x88, 0x71, 0x0,
    0x0, 0x0, 0x0, 0x0, 0x8, 0xff, 0xd3, 0x0,
    0x0, 0x0, 0x0, 0x0, 0x9, 0xff, 0x90, 0x0,
    0x0, 0x0, 0x0, 0x0, 0x3, 0x88, 0x40, 0x0,
    0x0, 0x0, 0x0, 0x0, 0x0, 0x0, 0x0, 0x0,
    0x0, 0x0, 0x2, 0xff, 0xfb, 0x0, 0x0, 0x0,
    0xc, 0xff, 0xf1, 0x2f, 0xff, 0xb0, 0x0, 0x0,
    0x0, 0xcf, 0xff, 0x12, 0xff, 0xfb, 0x0, 0x0,
    0x0, 0xc, 0xff, 0xf1, 0x2f, 0xff, 0xb0, 0x0,
    0x0, 0x0, 0xcf, 0xff, 0x12, 0xff, 0xfb, 0x0,
    0x0, 0x0, 0xc, 0xff, 0xf1, 0x2f, 0xff, 0xb0,
    0x0, 0x0, 0x0, 0xcf, 0xff, 0x12, 0xff, 0xfb,
    0x0, 0x0, 0x0, 0xc, 0xff, 0xf1, 0x2f, 0xff,
    0xb0, 0x0, 0x0, 0x0, 0xcf, 0xff, 0x12, 0xff,
    0xfb, 0x0, 0x0, 0x0, 0xc, 0xff, 0xf1, 0x2f,
    0xff, 0xb0, 0x0, 0x0, 0x0, 0xcf, 0xff, 0x1,
    0xff, 0xfd, 0x0, 0x0, 0x0, 0xe, 0xff, 0xf0,
    0xe, 0xff, 0xf1, 0x0, 0x0, 0x2, 0xff, 0xfd,
    0x0, 0xaf, 0xff, 0x90, 0x0, 0x0, 0xaf, 0xff,
    0x90, 0x3, 0xff, 0xff, 0xc6, 0x46, 0xcf, 0xff,
    0xf2, 0x0, 0x8, 0xff, 0xff, 0xff, 0xff, 0xff,
    0xf7, 0x0, 0x0, 0x8, 0xff, 0xff, 0xff, 0xff,
    0xf7, 0x0, 0x0, 0x0, 0x2, 0x8c, 0xef, 0xec,
    0x81, 0x0, 0x0,

    /* U+00DB "Û" */
    0x0, 0x0, 0x0, 0x38, 0x88, 0x30, 0x0, 0x0,
    0x0, 0x0, 0x0, 0x4f, 0xff, 0xff, 0x30, 0x0,
    0x0, 0x0, 0x0, 0x5f, 0xfa, 0x2b, 0xff, 0x40,
    0x0, 0x0, 0x0, 0x7, 0x85, 0x0, 0x6, 0x87,
    0x0, 0x0, 0x0, 0x0, 0x0, 0x0, 0x0, 0x0,
    0x0, 0x0, 0x2, 0xff, 0xfb, 0x0, 0x0, 0x0,
    0xc, 0xff, 0xf1, 0x2f, 0xff, 0xb0, 0x0, 0x0,
    0x0, 0xcf, 0xff, 0x12, 0xff, 0xfb, 0x0, 0x0,
    0x0, 0xc, 0xff, 0xf1, 0x2f, 0xff, 0xb0, 0x0,
    0x0, 0x0, 0xcf, 0xff, 0x12, 0xff, 0xfb, 0x0,
    0x0, 0x0, 0xc, 0xff, 0xf1, 0x2f, 0xff, 0xb0,
    0x0, 0x0, 0x0, 0xcf, 0xff, 0x12, 0xff, 0xfb,
    0x0, 0x0, 0x0, 0xc, 0xff, 0xf1, 0x2f, 0xff,
    0xb0, 0x0, 0x0, 0x0, 0xcf, 0xff, 0x12, 0xff,
    0xfb, 0x0, 0x0, 0x0, 0xc, 0xff, 0xf1, 0x2f,
    0xff, 0xb0, 0x0, 0x0, 0x0, 0xcf, 0xff, 0x1,
    0xff, 0xfd, 0x0, 0x0, 0x0, 0xe, 0xff, 0xf0,
    0xe, 0xff, 0xf1, 0x0, 0x0, 0x2, 0xff, 0xfd,
    0x0, 0xaf, 0xff, 0x90, 0x0, 0x0, 0xaf, 0xff,
    0x90, 0x3, 0xff, 0xff, 0xc6, 0x46, 0xcf, 0xff,
    0xf2, 0x0, 0x8, 0xff, 0xff, 0xff, 0xff, 0xff,
    0xf7, 0x0, 0x0, 0x8, 0xff, 0xff, 0xff, 0xff,
    0xf7, 0x0, 0x0, 0x0, 0x2, 0x8c, 0xef, 0xec,
    0x81, 0x0, 0x0,

    /* U+00DC "Ü" */
    0x0, 0x0, 0x2d, 0xe3, 0x4, 0xed, 0x20, 0x0,
    0x0, 0x0, 0x9, 0xff, 0xa0, 0xbf, 0xf8, 0x0,
    0x0, 0x0, 0x0, 0x5f, 0xf6, 0x7, 0xff, 0x40,
    0x0, 0x0, 0x0, 0x0, 0x22, 0x0, 0x3, 0x20,
    0x0, 0x0, 0x0, 0x0, 0x0, 0x0, 0x0, 0x0,
    0x0, 0x0, 0x2, 0xff, 0xfb, 0x0, 0x0, 0x0,
    0xc, 0xff, 0xf1, 0x2f, 0xff, 0xb0, 0x0, 0x0,
    0x0, 0xcf, 0xff, 0x12, 0xff, 0xfb, 0x0, 0x0,
    0x0, 0xc, 0xff, 0xf1, 0x2f, 0xff, 0xb0, 0x0,
    0x0, 0x0, 0xcf, 0xff, 0x12, 0xff, 0xfb, 0x0,
    0x0, 0x0, 0xc, 0xff, 0xf1, 0x2f, 0xff, 0xb0,
    0x0, 0x0, 0x0, 0xcf, 0xff, 0x12, 0xff, 0xfb,
    0x0, 0x0, 0x0, 0xc, 0xff, 0xf1, 0x2f, 0xff,
    0xb0, 0x0, 0x0, 0x0, 0xcf, 0xff, 0x12, 0xff,
    0xfb, 0x0, 0x0, 0x0, 0xc, 0xff, 0xf1, 0x2f,
    0xff, 0xb0, 0x0, 0x0, 0x0, 0xcf, 0xff, 0x1,
    0xff, 0xfd, 0x0, 0x0, 0x0, 0xe, 0xff, 0xf0,
    0xe, 0xff, 0xf1, 0x0, 0x0, 0x2, 0xff, 0xfd,
    0x0, 0xaf, 0xff, 0x90, 0x0, 0x0, 0xaf, 0xff,
    0x90, 0x3, 0xff, 0xff, 0xc6, 0x46, 0xcf, 0xff,
    0xf2, 0x0, 0x8, 0xff, 0xff, 0xff, 0xff, 0xff,
    0xf7, 0x0, 0x0, 0x8, 0xff, 0xff, 0xff, 0xff,
    0xf7, 0x0, 0x0, 0x0, 0x2, 0x8c, 0xef, 0xec,
    0x81, 0x0, 0x0,

    /* U+00DD "Ý" */
    0x0, 0x0, 0x0, 0x0, 0x0, 0x67, 0x76, 0x0,
    0x0, 0x0, 0x0, 0x0, 0x0, 0xb, 0xff, 0xc2,
    0x0, 0x0, 0x0, 0x0, 0x0, 0x0, 0xcf, 0xf8,
    0x0, 0x0, 0x0, 0x0, 0x0, 0x0, 0x8, 0xbb,
    0x40, 0x0, 0x0, 0x0, 0x0, 0x0, 0x0, 0x0,
    0x0, 0x0, 0x0, 0x0, 0x0, 0x1f, 0xff, 0xf2,
    0x0, 0x0, 0x0, 0x8, 0xff, 0xf4, 0x7, 0xff,
    0xfa, 0x0, 0x0, 0x0, 0x2f, 0xff, 0xb0, 0x0,
    0xdf, 0xff, 0x40, 0x0, 0x0, 0xbf, 0xff, 0x20,
    0x0, 0x4f, 0xff, 0xd0, 0x0, 0x5, 0xff, 0xf8,
    0x0, 0x0, 0xa, 0xff, 0xf7, 0x0, 0xe, 0xff,
    0xd0, 0x0, 0x0, 0x1, 0xff, 0xff, 0x10, 0x8f,
    0xff, 0x50, 0x0, 0x0, 0x0, 0x7f, 0xff, 0xa2,
    0xff, 0xfb, 0x0, 0x0, 0x0, 0x0, 0xd, 0xff,
    0xfd, 0xff, 0xf2, 0x0, 0x0, 0x0, 0x0, 0x4,
    0xff, 0xff, 0xff, 0x80, 0x0, 0x0, 0x0, 0x0,
    0x0, 0xbf, 0xff, 0xfe, 0x0, 0x0, 0x0, 0x0,
    0x0, 0x0, 0x2f, 0xff, 0xf5, 0x0, 0x0, 0x0,
    0x0, 0x0, 0x0, 0xd, 0xff, 0xf1, 0x0, 0x0,
    0x0, 0x0, 0x0, 0x0, 0xd, 0xff, 0xf1, 0x0,
    0x0, 0x0, 0x0, 0x0, 0x0, 0xd, 0xff, 0xf1,
    0x0, 0x0, 0x0, 0x0, 0x0, 0x0, 0xd, 0xff,
    0xf1, 0x0, 0x0, 0x0, 0x0, 0x0, 0x0, 0xd,
    0xff, 0xf1, 0x0, 0x0, 0x0, 0x0, 0x0, 0x0,
    0xd, 0xff, 0xf1, 0x0, 0x0, 0x0,

    /* U+00DE "Þ" */
    0xf, 0xff, 0xe0, 0x0, 0x0, 0x0, 0x0, 0x0,
    0xf, 0xff, 0xe0, 0x0, 0x0, 0x0, 0x0, 0x0,
    0xf, 0xff, 0xff, 0xff, 0xfe, 0xc7, 0x10, 0x0,
    0xf, 0xff, 0xff, 0xff, 0xff, 0xff, 0xf6, 0x0,
    0xf, 0xff, 0xff, 0xff, 0xff, 0xff, 0xff, 0x50,
    0xf, 0xff, 0xe2, 0x22, 0x35, 0xcf, 0xff, 0xe0,
    0xf, 0xff, 0xe0, 0x0, 0x0, 0xd, 0xff, 0xf5,
    0xf, 0xff, 0xe0, 0x0, 0x0, 0x7, 0xff, 0xf7,
    0xf, 0xff, 0xe0, 0x0, 0x0, 0x7, 0xff, 0xf8,
    0xf, 0xff, 0xe0, 0x0, 0x0, 0xc, 0xff, 0xf5,
    0xf, 0xff, 0xe0, 0x0, 0x3, 0xaf, 0xff, 0xf1,
    0xf, 0xff, 0xff, 0xff, 0xff, 0xff, 0xff, 0x70,
    0xf, 0xff, 0xff, 0xff, 0xff, 0xff, 0xf8, 0x0,
    0xf, 0xff, 0xff, 0xff, 0xff, 0xe9, 0x30, 0x0,
    0xf, 0xff, 0xe2, 0x22, 0x10, 0x0, 0x0, 0x0,
    0xf, 0xff, 0xe0, 0x0, 0x0, 0x0, 0x0, 0x0,
    0xf, 0xff, 0xe0, 0x0, 0x0, 0x0, 0x0, 0x0,

    /* U+00DF "ß" */
    0x0, 0x0, 0x0, 0x0, 0x0, 0x0, 0x0, 0x0,
    0x0, 0x17, 0xce, 0xfe, 0xb5, 0x0, 0x0, 0x0,
    0x4e, 0xff, 0xff, 0xff, 0xfb, 0x0, 0x0, 0x2f,
    0xff, 0xff, 0xff, 0xff, 0xf9, 0x0, 0xa, 0xff,
    0xf9, 0x20, 0x4e, 0xff, 0xf1, 0x0, 0xff, 0xfc,
    0x0, 0x0, 0x6f, 0xff, 0x50, 0x2f, 0xff, 0x80,
    0x0, 0x4, 0xff, 0xf5, 0x4, 0xff, 0xf7, 0x0,
    0x0, 0x7f, 0xff, 0x20, 0x4f, 0xff, 0x70, 0x1,
    0x6f, 0xff, 0xb0, 0x4, 0xff, 0xf7, 0x2, 0xff,
    0xff, 0xd1, 0x0, 0x4f, 0xff, 0x70, 0x2f, 0xff,
    0xff, 0xc2, 0x4, 0xff, 0xf7, 0x1, 0xef, 0xff,
    0xff, 0xe1, 0x4f, 0xff, 0x70, 0x0, 0x2, 0xaf,
    0xff, 0x84, 0xff, 0xf7, 0x0, 0x0, 0x0, 0xff,
    0xfc, 0x4f, 0xff, 0x70, 0x0, 0x0, 0x1f, 0xff,
    0xc4, 0xff, 0xf7, 0x2, 0x11, 0x3b, 0xff, 0xf9,
    0x4f, 0xff, 0x70, 0xbf, 0xff, 0xff, 0xff, 0x34,
    0xff, 0xf7, 0xd, 0xff, 0xff, 0xff, 0x50, 0x4f,
    0xff, 0x70, 0xbe, 0xff, 0xd8, 0x20, 0x0,

    /* U+00E0 "à" */
    0x0, 0x3e, 0xff, 0xb0, 0x0, 0x0, 0x0, 0x0,
    0x1, 0xcf, 0xfa, 0x0, 0x0, 0x0, 0x0, 0x0,
    0xa, 0xff, 0x90, 0x0, 0x0, 0x0, 0x0, 0x0,
    0x58, 0x82, 0x0, 0x0, 0x0, 0x0, 0x0, 0x0,
    0x0, 0x0, 0x0, 0x0, 0x17, 0xbe, 0xff, 0xda,
    0x30, 0x0, 0x5, 0xff, 0xff, 0xff, 0xff, 0xf8,
    0x0, 0x1, 0xff, 0xff, 0xff, 0xff, 0xff, 0x60,
    0x0, 0x78, 0x30, 0x1, 0x7f, 0xff, 0xd0, 0x0,
    0x0, 0x0, 0x0, 0xb, 0xff, 0xf0, 0x0, 0x29,
    0xdf, 0xff, 0xff, 0xff, 0xf2, 0x3, 0xff, 0xff,
    0xff, 0xff, 0xff, 0xf2, 0xc, 0xff, 0xf6, 0x32,
    0x2a, 0xff, 0xf2, 0x1f, 0xff, 0x90, 0x0, 0xa,
    0xff, 0xf2, 0xf, 0xff, 0xb0, 0x0, 0x3f, 0xff,
    0xf2, 0xc, 0xff, 0xfc, 0x8a, 0xff, 0xff, 0xf2,
    0x3, 0xff, 0xff, 0xff, 0xfc, 0xff, 0xf2, 0x0,
    0x2a, 0xef, 0xeb, 0x55, 0xff, 0xf2,

    /* U+00E1 "á" */
    0x0, 0x0, 0x0, 0x2, 0xef, 0xfb, 0x10, 0x0,
    0x0, 0x0, 0x1e, 0xff, 0x80, 0x0, 0x0, 0x0,
    0x1, 0xdf, 0xf5, 0x0, 0x0, 0x0, 0x0, 0x5,
    0x88, 0x20, 0x0, 0x0, 0x0, 0x0, 0x0, 0x0,
    0x0, 0x0, 0x0, 0x0, 0x17, 0xbe, 0xff, 0xda,
    0x30, 0x0, 0x5, 0xff, 0xff, 0xff, 0xff, 0xf8,
    0x0, 0x1, 0xff, 0xff, 0xff, 0xff, 0xff, 0x60,
    0x0, 0x78, 0x30, 0x1, 0x7f, 0xff, 0xd0, 0x0,
    0x0, 0x0, 0x0, 0xb, 0xff, 0xf0, 0x0, 0x29,
    0xdf, 0xff, 0xff, 0xff, 0xf2, 0x3, 0xff, 0xff,
    0xff, 0xff, 0xff, 0xf2, 0xc, 0xff, 0xf6, 0x32,
    0x2a, 0xff, 0xf2, 0x1f, 0xff, 0x90, 0x0, 0xa,
    0xff, 0xf2, 0xf, 0xff, 0xb0, 0x0, 0x3f, 0xff,
    0xf2, 0xc, 0xff, 0xfc, 0x8a, 0xff, 0xff, 0xf2,
    0x3, 0xff, 0xff, 0xff, 0xfc, 0xff, 0xf2, 0x0,
    0x2a, 0xef, 0xeb, 0x55, 0xff, 0xf2,

    /* U+00E2 "â" */
    0x0, 0x0, 0xc, 0xff, 0xf6, 0x0, 0x0, 0x0,
    0x0, 0xaf, 0xfe, 0xff, 0x50, 0x0, 0x0, 0x9,
    0xff, 0x60, 0xbf, 0xf4, 0x0, 0x0, 0x28, 0x84,
    0x0, 0x6, 0x87, 0x0, 0x0, 0x0, 0x0, 0x0,
    0x0, 0x0, 0x0, 0x0, 0x17, 0xbe, 0xff, 0xda,
    0x30, 0x0, 0x5, 0xff, 0xff, 0xff, 0xff, 0xf8,
    0x0, 0x1, 0xff, 0xff, 0xff, 0xff, 0xff, 0x60,
    0x0, 0x78, 0x30, 0x1, 0x7f, 0xff, 0xd0, 0x0,
    0x0, 0x0, 0x0, 0xb, 0xff, 0xf0, 0x0, 0x29,
    0xdf, 0xff, 0xff, 0xff, 0xf2, 0x3, 0xff, 0xff,
    0xff, 0xff, 0xff, 0xf2, 0xc, 0xff, 0xf6, 0x32,
    0x2a, 0xff, 0xf2, 0x1f, 0xff, 0x90, 0x0, 0xa,
    0xff, 0xf2, 0xf, 0xff, 0xb0, 0x0, 0x3f, 0xff,
    0xf2, 0xc, 0xff, 0xfc, 0x8a, 0xff, 0xff, 0xf2,
    0x3, 0xff, 0xff, 0xff, 0xfc, 0xff, 0xf2, 0x0,
    0x2a, 0xef, 0xeb, 0x55, 0xff, 0xf2,

    /* U+00E3 "ã" */
    0x0, 0x0, 0x1, 0x0, 0x0, 0x22, 0x0, 0x0,
    0x3, 0xef, 0xf8, 0x14, 0xfd, 0x0, 0x0, 0xe,
    0xff, 0xff, 0xff, 0xf8, 0x0, 0x0, 0x2f, 0xd1,
    0x3b, 0xff, 0xb0, 0x0, 0x0, 0x2, 0x10, 0x0,
    0x0, 0x0, 0x0, 0x0, 0x0, 0x0, 0x0, 0x0,
    0x0, 0x0, 0x0, 0x17, 0xbe, 0xff, 0xda, 0x30,
    0x0, 0x5, 0xff, 0xff, 0xff, 0xff, 0xf8, 0x0,
    0x1, 0xff, 0xff, 0xff, 0xff, 0xff, 0x60, 0x0,
    0x78, 0x30, 0x1, 0x7f, 0xff, 0xd0, 0x0, 0x0,
    0x0, 0x0, 0xb, 0xff, 0xf0, 0x0, 0x29, 0xdf,
    0xff, 0xff, 0xff, 0xf2, 0x3, 0xff, 0xff, 0xff,
    0xff, 0xff, 0xf2, 0xc, 0xff, 0xf6, 0x32, 0x2a,
    0xff, 0xf2, 0x1f, 0xff, 0x90, 0x0, 0xa, 0xff,
    0xf2, 0xf, 0xff, 0xb0, 0x0, 0x3f, 0xff, 0xf2,
    0xc, 0xff, 0xfc, 0x8a, 0xff, 0xff, 0xf2, 0x3,
    0xff, 0xff, 0xff, 0xfc, 0xff, 0xf2, 0x0, 0x2a,
    0xef, 0xeb, 0x55, 0xff, 0xf2,

    /* U+00E4 "ä" */
    0x0, 0x4, 0xed, 0x20, 0x6f, 0xc1, 0x0, 0x0,
    0xb, 0xff, 0x70, 0xdf, 0xf5, 0x0, 0x0, 0x7,
    0xff, 0x40, 0x9f, 0xf2, 0x0, 0x0, 0x0, 0x32,
    0x0, 0x3, 0x10, 0x0, 0x0, 0x0, 0x0, 0x0,
    0x0, 0x0, 0x0, 0x0, 0x17, 0xbe, 0xff, 0xda,
    0x30, 0x0, 0x5, 0xff, 0xff, 0xff, 0xff, 0xf8,
    0x0, 0x1, 0xff, 0xff, 0xff, 0xff, 0xff, 0x60,
    0x0, 0x78, 0x30, 0x1, 0x7f, 0xff, 0xd0, 0x0,
    0x0, 0x0, 0x0, 0xb, 0xff, 0xf0, 0x0, 0x29,
    0xdf, 0xff, 0xff, 0xff, 0xf2, 0x3, 0xff, 0xff,
    0xff, 0xff, 0xff, 0xf2, 0xc, 0xff, 0xf6, 0x32,
    0x2a, 0xff, 0xf2, 0x1f, 0xff, 0x90, 0x0, 0xa,
    0xff, 0xf2, 0xf, 0xff, 0xb0, 0x0, 0x3f, 0xff,
    0xf2, 0xc, 0xff, 0xfc, 0x8a, 0xff, 0xff, 0xf2,
    0x3, 0xff, 0xff, 0xff, 0xfc, 0xff, 0xf2, 0x0,
    0x2a, 0xef, 0xeb, 0x55, 0xff, 0xf2,

    /* U+00E5 "å" */
    0x0, 0x0, 0x0, 0x1, 0x0, 0x0, 0x0, 0x0,
    0x0, 0x8, 0xff, 0xd3, 0x0, 0x0, 0x0, 0x0,
    0x6f, 0x95, 0xce, 0x0, 0x0, 0x0, 0x0, 0x9e,
    0x0, 0x4f, 0x40, 0x0, 0x0, 0x0, 0x7f, 0x62,
    0xaf, 0x10, 0x0, 0x0, 0x0, 0xb, 0xff, 0xf5,
    0x0, 0x0, 0x0, 0x0, 0x0, 0x23, 0x10, 0x0,
    0x0, 0x0, 0x0, 0x0, 0x0, 0x0, 0x0, 0x0,
    0x0, 0x17, 0xbe, 0xff, 0xda, 0x30, 0x0, 0x5,
    0xff, 0xff, 0xff, 0xff, 0xf8, 0x0, 0x1, 0xff,
    0xff, 0xff, 0xff, 0xff, 0x60, 0x0, 0x78, 0x30,
    0x1, 0x7f, 0xff, 0xd0, 0x0, 0x0, 0x0, 0x0,
    0xb, 0xff, 0xf0, 0x0, 0x29, 0xdf, 0xff, 0xff,
    0xff, 0xf2, 0x3, 0xff, 0xff, 0xff, 0xff, 0xff,
    0xf2, 0xc, 0xff, 0xf6, 0x32, 0x2a, 0xff, 0xf2,
    0x1f, 0xff, 0x90, 0x0, 0xa, 0xff, 0xf2, 0xf,
    0xff, 0xb0, 0x0, 0x3f, 0xff, 0xf2, 0xc, 0xff,
    0xfc, 0x8a, 0xff, 0xff, 0xf2, 0x3, 0xff, 0xff,
    0xff, 0xfc, 0xff, 0xf2, 0x0, 0x2a, 0xef, 0xeb,
    0x55, 0xff, 0xf2,

    /* U+00E6 "æ" */
    0x0, 0x17, 0xbe, 0xff, 0xd9, 0x20, 0x6, 0xbe,
    0xfe, 0xb5, 0x0, 0x0, 0x5, 0xff, 0xff, 0xff,
    0xff, 0xf6, 0xcf, 0xff, 0xff, 0xff, 0xb1, 0x0,
    0x1, 0xff, 0xff, 0xff, 0xff, 0xff, 0xff, 0xff,
    0xff, 0xff, 0xfc, 0x0, 0x0, 0x78, 0x30, 0x1,
    0x7f, 0xff, 0xff, 0x61, 0x2, 0x9f, 0xff, 0x70,
    0x0, 0x0, 0x0, 0x0, 0xb, 0xff, 0xf6, 0x0,
    0x0, 0xb, 0xff, 0xd0, 0x0, 0x18, 0xde, 0xff,
    0xff, 0xff, 0xff, 0xff, 0xff, 0xff, 0xff, 0xf0,
    0x3, 0xff, 0xff, 0xff, 0xff, 0xff, 0xff, 0xff,
    0xff, 0xff, 0xff, 0xf1, 0xd, 0xff, 0xf6, 0x32,
    0x2a, 0xff, 0xf7, 0x22, 0x22, 0x22, 0x22, 0x20,
    0xf, 0xff, 0x90, 0x0, 0xb, 0xff, 0xfc, 0x0,
    0x0, 0x0, 0x10, 0x0, 0xf, 0xff, 0xb0, 0x0,
    0x3f, 0xff, 0xff, 0xb3, 0x0, 0x4c, 0xd1, 0x0,
    0xb, 0xff, 0xfc, 0x8a, 0xff, 0xff, 0xff, 0xff,
    0xff, 0xff, 0xfc, 0x0, 0x2, 0xef, 0xff, 0xff,
    0xff, 0x91, 0xcf, 0xff, 0xff, 0xff, 0xf8, 0x0,
    0x0, 0x18, 0xcf, 0xfe, 0xa4, 0x0, 0x5, 0xae,
    0xff, 0xd9, 0x20, 0x0,

    /* U+00E7 "ç" */
    0x0, 0x0, 0x49, 0xdf, 0xfd, 0x82, 0x0, 0x0,
    0x1a, 0xff, 0xff, 0xff, 0xff, 0x60, 0x0, 0xcf,
    0xff, 0xff, 0xff, 0xff, 0xf4, 0x7, 0xff, 0xfe,
    0x61, 0x17, 0xff, 0xe5, 0xe, 0xff, 0xf3, 0x0,
    0x0, 0x56, 0x0, 0x1f, 0xff, 0xb0, 0x0, 0x0,
    0x0, 0x0, 0x3f, 0xff, 0x90, 0x0, 0x0, 0x0,
    0x0, 0x1f, 0xff, 0xb0, 0x0, 0x0, 0x0, 0x0,
    0xe, 0xff, 0xf2, 0x0, 0x0, 0x56, 0x0, 0x7,
    0xff, 0xfe, 0x61, 0x17, 0xff, 0xd4, 0x0, 0xcf,
    0xff, 0xff, 0xff, 0xff, 0xf4, 0x0, 0x1a, 0xff,
    0xff, 0xff, 0xff, 0x60, 0x0, 0x0, 0x49, 0xff,
    0xfd, 0x82, 0x0, 0x0, 0x0, 0x0, 0x9f, 0x60,
    0x0, 0x0, 0x0, 0x0, 0x0, 0xdf, 0xfa, 0x0,
    0x0, 0x0, 0x0, 0x0, 0x2, 0xff, 0x40, 0x0,
    0x0, 0x0, 0xe, 0xcd, 0xff, 0x20, 0x0, 0x0,
    0x0, 0x2c, 0xfe, 0xb4, 0x0, 0x0,

    /* U+00E8 "è" */
    0x0, 0x1c, 0xff, 0xe1, 0x0, 0x0, 0x0, 0x0,
    0x0, 0x9, 0xff, 0xd1, 0x0, 0x0, 0x0, 0x0,
    0x0, 0x6, 0xff, 0xc0, 0x0, 0x0, 0x0, 0x0,
    0x0, 0x3, 0x88, 0x40, 0x0, 0x0, 0x0, 0x0,
    0x0, 0x0, 0x0, 0x0, 0x0, 0x0, 0x0, 0x4,
    0xad, 0xfe, 0xc6, 0x0, 0x0, 0x0, 0x1b, 0xff,
    0xff, 0xff, 0xfe, 0x30, 0x0, 0xc, 0xff, 0xff,
    0xde, 0xff, 0xff, 0x20, 0x7, 0xff, 0xf8, 0x0,
    0x4, 0xef, 0xfb, 0x0, 0xef, 0xfb, 0x0, 0x0,
    0x5, 0xff, 0xf2, 0x1f, 0xff, 0xff, 0xff, 0xff,
    0xff, 0xff, 0x43, 0xff, 0xff, 0xff, 0xff, 0xff,
    0xff, 0xf5, 0x1f, 0xff, 0xb2, 0x22, 0x22, 0x22,
    0x22, 0x0, 0xef, 0xff, 0x20, 0x0, 0x0, 0x20,
    0x0, 0x7, 0xff, 0xfe, 0x51, 0x2, 0x9f, 0x30,
    0x0, 0xc, 0xff, 0xff, 0xff, 0xff, 0xfe, 0x20,
    0x0, 0x1a, 0xff, 0xff, 0xff, 0xff, 0xc1, 0x0,
    0x0, 0x3, 0x9d, 0xff, 0xea, 0x50, 0x0,

    /* U+00E9 "é" */
    0x0, 0x0, 0x0, 0x0, 0xcf, 0xfd, 0x20, 0x0,
    0x0, 0x0, 0x0, 0xbf, 0xfb, 0x10, 0x0, 0x0,
    0x0, 0x0, 0xaf, 0xf8, 0x0, 0x0, 0x0, 0x0,
    0x0, 0x28, 0x85, 0x0, 0x0, 0x0, 0x0, 0x0,
    0x0, 0x0, 0x0, 0x0, 0x0, 0x0, 0x0, 0x4,
    0xad, 0xfe, 0xc6, 0x0, 0x0, 0x0, 0x1b, 0xff,
    0xff, 0xff, 0xfe, 0x30, 0x0, 0xc, 0xff, 0xff,
    0xde, 0xff, 0xff, 0x20, 0x7, 0xff, 0xf8, 0x0,
    0x4, 0xef, 0xfb, 0x0, 0xef, 0xfb, 0x0, 0x0,
    0x5, 0xff, 0xf2, 0x1f, 0xff, 0xff, 0xff, 0xff,
    0xff, 0xff, 0x43, 0xff, 0xff, 0xff, 0xff, 0xff,
    0xff, 0xf5, 0x1f, 0xff, 0xb2, 0x22, 0x22, 0x22,
    0x22, 0x0, 0xef, 0xff, 0x20, 0x0, 0x0, 0x20,
    0x0, 0x7, 0xff, 0xfe, 0x51, 0x2, 0x9f, 0x30,
    0x0, 0xc, 0xff, 0xff, 0xff, 0xff, 0xfe, 0x20,
    0x0, 0x1a, 0xff, 0xff, 0xff, 0xff, 0xc1, 0x0,
    0x0, 0x3, 0x9d, 0xff, 0xea, 0x50, 0x0,

    /* U+00EA "ê" */
    0x0, 0x0, 0x8, 0xff, 0xfa, 0x0, 0x0, 0x0,
    0x0, 0x6, 0xff, 0xef, 0xf9, 0x0, 0x0, 0x0,
    0x5, 0xff, 0x90, 0x7f, 0xf7, 0x0, 0x0, 0x0,
    0x78, 0x60, 0x0, 0x48, 0x71, 0x0, 0x0, 0x0,
    0x0, 0x0, 0x0, 0x0, 0x0, 0x0, 0x0, 0x4,
    0xad, 0xfe, 0xc6, 0x0, 0x0, 0x0, 0x1b, 0xff,
    0xff, 0xff, 0xfe, 0x30, 0x0, 0xc, 0xff, 0xff,
    0xde, 0xff, 0xff, 0x20, 0x7, 0xff, 0xf8, 0x0,
    0x4, 0xef, 0xfb, 0x0, 0xef, 0xfb, 0x0, 0x0,
    0x5, 0xff, 0xf2, 0x1f, 0xff, 0xff, 0xff, 0xff,
    0xff, 0xff, 0x43, 0xff, 0xff, 0xff, 0xff, 0xff,
    0xff, 0xf5, 0x1f, 0xff, 0xb2, 0x22, 0x22, 0x22,
    0x22, 0x0, 0xef, 0xff, 0x20, 0x0, 0x0, 0x20,
    0x0, 0x7, 0xff, 0xfe, 0x51, 0x2, 0x9f, 0x30,
    0x0, 0xc, 0xff, 0xff, 0xff, 0xff, 0xfe, 0x20,
    0x0, 0x1a, 0xff, 0xff, 0xff, 0xff, 0xc1, 0x0,
    0x0, 0x3, 0x9d, 0xff, 0xea, 0x50, 0x0,

    /* U+00EB "ë" */
    0x0, 0x2, 0xde, 0x50, 0x3e, 0xe3, 0x0, 0x0,
    0x0, 0x7f, 0xfc, 0x9, 0xff, 0xa0, 0x0, 0x0,
    0x3, 0xff, 0x80, 0x5f, 0xf6, 0x0, 0x0, 0x0,
    0x2, 0x30, 0x0, 0x22, 0x0, 0x0, 0x0, 0x0,
    0x0, 0x0, 0x0, 0x0, 0x0, 0x0, 0x0, 0x4,
    0xad, 0xfe, 0xc6, 0x0, 0x0, 0x0, 0x1b, 0xff,
    0xff, 0xff, 0xfe, 0x30, 0x0, 0xc, 0xff, 0xff,
    0xde, 0xff, 0xff, 0x20, 0x7, 0xff, 0xf8, 0x0,
    0x4, 0xef, 0xfb, 0x0, 0xef, 0xfb, 0x0, 0x0,
    0x5, 0xff, 0xf2, 0x1f, 0xff, 0xff, 0xff, 0xff,
    0xff, 0xff, 0x43, 0xff, 0xff, 0xff, 0xff, 0xff,
    0xff, 0xf5, 0x1f, 0xff, 0xb2, 0x22, 0x22, 0x22,
    0x22, 0x0, 0xef, 0xff, 0x20, 0x0, 0x0, 0x20,
    0x0, 0x7, 0xff, 0xfe, 0x51, 0x2, 0x9f, 0x30,
    0x0, 0xc, 0xff, 0xff, 0xff, 0xff, 0xfe, 0x20,
    0x0, 0x1a, 0xff, 0xff, 0xff, 0xff, 0xc1, 0x0,
    0x0, 0x3, 0x9d, 0xff, 0xea, 0x50, 0x0,

    /* U+00EC "ì" */
    0x1c, 0xff, 0xe1, 0x0, 0x0, 0x9f, 0xfd, 0x10,
    0x0, 0x6, 0xff, 0xc0, 0x0, 0x0, 0x38, 0x84,
    0x0, 0x0, 0x0, 0x0, 0x0, 0x4, 0xff, 0xf7,
    0x0, 0x4, 0xff, 0xf7, 0x0, 0x4, 0xff, 0xf7,
    0x0, 0x4, 0xff, 0xf7, 0x0, 0x4, 0xff, 0xf7,
    0x0, 0x4, 0xff, 0xf7, 0x0, 0x4, 0xff, 0xf7,
    0x0, 0x4, 0xff, 0xf7, 0x0, 0x4, 0xff, 0xf7,
    0x0, 0x4, 0xff, 0xf7, 0x0, 0x4, 0xff, 0xf7,
    0x0, 0x4, 0xff, 0xf7, 0x0, 0x4, 0xff, 0xf7,

    /* U+00ED "í" */
    0x0, 0xc, 0xff, 0xe3, 0x0, 0xbf, 0xfb, 0x10,
    0xa, 0xff, 0x90, 0x0, 0x28, 0x85, 0x0, 0x0,
    0x0, 0x0, 0x0, 0x0, 0x4f, 0xff, 0x70, 0x0,
    0x4f, 0xff, 0x70, 0x0, 0x4f, 0xff, 0x70, 0x0,
    0x4f, 0xff, 0x70, 0x0, 0x4f, 0xff, 0x70, 0x0,
    0x4f, 0xff, 0x70, 0x0, 0x4f, 0xff, 0x70, 0x0,
    0x4f, 0xff, 0x70, 0x0, 0x4f, 0xff, 0x70, 0x0,
    0x4f, 0xff, 0x70, 0x0, 0x4f, 0xff, 0x70, 0x0,
    0x4f, 0xff, 0x70, 0x0, 0x4f, 0xff, 0x70, 0x0,

    /* U+00EE "î" */
    0x0, 0x6f, 0xff, 0x90, 0x0, 0x2f, 0xff, 0xff,
    0x50, 0xd, 0xfd, 0x1b, 0xff, 0x23, 0x88, 0x20,
    0x7, 0x85, 0x0, 0x0, 0x0, 0x0, 0x0, 0x4,
    0xff, 0xf7, 0x0, 0x0, 0x4f, 0xff, 0x70, 0x0,
    0x4, 0xff, 0xf7, 0x0, 0x0, 0x4f, 0xff, 0x70,
    0x0, 0x4, 0xff, 0xf7, 0x0, 0x0, 0x4f, 0xff,
    0x70, 0x0, 0x4, 0xff, 0xf7, 0x0, 0x0, 0x4f,
    0xff, 0x70, 0x0, 0x4, 0xff, 0xf7, 0x0, 0x0,
    0x4f, 0xff, 0x70, 0x0, 0x4, 0xff, 0xf7, 0x0,
    0x0, 0x4f, 0xff, 0x70, 0x0, 0x4, 0xff, 0xf7,
    0x0,

    /* U+00EF "ï" */
    0x7f, 0xa0, 0x8f, 0x90, 0xef, 0xf2, 0xff, 0xf1,
    0xaf, 0xd0, 0xbf, 0xc0, 0x2, 0x0, 0x3, 0x0,
    0x0, 0x0, 0x0, 0x0, 0x4, 0xff, 0xf7, 0x0,
    0x4, 0xff, 0xf7, 0x0, 0x4, 0xff, 0xf7, 0x0,
    0x4, 0xff, 0xf7, 0x0, 0x4, 0xff, 0xf7, 0x0,
    0x4, 0xff, 0xf7, 0x0, 0x4, 0xff, 0xf7, 0x0,
    0x4, 0xff, 0xf7, 0x0, 0x4, 0xff, 0xf7, 0x0,
    0x4, 0xff, 0xf7, 0x0, 0x4, 0xff, 0xf7, 0x0,
    0x4, 0xff, 0xf7, 0x0, 0x4, 0xff, 0xf7, 0x0,

    /* U+00F0 "ð" */
    0x0, 0x0, 0x7a, 0x30, 0x0, 0x3, 0x0, 0x0,
    0x1d, 0xff, 0xf9, 0x15, 0xcf, 0x60, 0x0, 0x3,
    0xbf, 0xff, 0xff, 0xfa, 0x30, 0x0, 0x0, 0x1b,
    0xff, 0xff, 0x60, 0x0, 0x0, 0x29, 0xff, 0xec,
    0xff, 0xf2, 0x0, 0x0, 0x7f, 0xd6, 0x0, 0xcf,
    0xfd, 0x0, 0x0, 0x4, 0x0, 0x0, 0x1e, 0xff,
    0x70, 0x0, 0x1, 0x69, 0x96, 0x17, 0xff, 0xe0,
    0x0, 0x8f, 0xff, 0xff, 0xf9, 0xff, 0xf5, 0x7,
    0xff, 0xff, 0xff, 0xff, 0xff, 0xf9, 0xf, 0xff,
    0xf6, 0x11, 0x6f, 0xff, 0xfb, 0x4f, 0xff, 0x70,
    0x0, 0x7, 0xff, 0xfb, 0x6f, 0xff, 0x30, 0x0,
    0x3, 0xff, 0xfa, 0x4f, 0xff, 0x50, 0x0, 0x6,
    0xff, 0xf6, 0x1f, 0xff, 0xe3, 0x0, 0x4e, 0xff,
    0xf1, 0x8, 0xff, 0xff, 0xff, 0xff, 0xff, 0x60,
    0x0, 0xaf, 0xff, 0xff, 0xff, 0xf6, 0x0, 0x0,
    0x4, 0xae, 0xfe, 0xd8, 0x20, 0x0,

    /* U+00F1 "ñ" */
    0x0, 0x2, 0xcf, 0xd7, 0x13, 0xfd, 0x0, 0x0,
    0xd, 0xff, 0xff, 0xff, 0xf9, 0x0, 0x0, 0x2f,
    0xe3, 0x5c, 0xff, 0xb1, 0x0, 0x0, 0x2, 0x10,
    0x0, 0x0, 0x0, 0x0, 0x0, 0x0, 0x0, 0x0,
    0x0, 0x0, 0x0, 0x4f, 0xff, 0x44, 0xbe, 0xfe,
    0xa3, 0x0, 0x4f, 0xff, 0xdf, 0xff, 0xff, 0xff,
    0x70, 0x4f, 0xff, 0xff, 0xff, 0xff, 0xff, 0xf3,
    0x4f, 0xff, 0xfc, 0x30, 0x3c, 0xff, 0xf9, 0x4f,
    0xff, 0xe0, 0x0, 0x2, 0xff, 0xfc, 0x4f, 0xff,
    0x90, 0x0, 0x0, 0xef, 0xfe, 0x4f, 0xff, 0x70,
    0x0, 0x0, 0xdf, 0xfe, 0x4f, 0xff, 0x70, 0x0,
    0x0, 0xdf, 0xfe, 0x4f, 0xff, 0x70, 0x0, 0x0,
    0xdf, 0xfe, 0x4f, 0xff, 0x70, 0x0, 0x0, 0xdf,
    0xfe, 0x4f, 0xff, 0x70, 0x0, 0x0, 0xdf, 0xfe,
    0x4f, 0xff, 0x70, 0x0, 0x0, 0xdf, 0xfe, 0x4f,
    0xff, 0x70, 0x0, 0x0, 0xdf, 0xfe,

    /* U+00F2 "ò" */
    0x0, 0x9, 0xff, 0xf4, 0x0, 0x0, 0x0, 0x0,
    0x0, 0x6, 0xff, 0xf3, 0x0, 0x0, 0x0, 0x0,
    0x0, 0x3, 0xef, 0xe2, 0x0, 0x0, 0x0, 0x0,
    0x0, 0x1, 0x78, 0x60, 0x0, 0x0, 0x0, 0x0,
    0x0, 0x0, 0x0, 0x0, 0x0, 0x0, 0x0, 0x4,
    0xad, 0xfe, 0xd8, 0x20, 0x0, 0x0, 0x1a, 0xff,
    0xff, 0xff, 0xff, 0x70, 0x0, 0xc, 0xff, 0xff,
    0xff, 0xff, 0xff, 0x80, 0x7, 0xff, 0xfe, 0x51,
    0x28, 0xff, 0xff, 0x30, 0xef, 0xff, 0x20, 0x0,
    0x7, 0xff, 0xf9, 0x1f, 0xff, 0xb0, 0x0, 0x0,
    0xf, 0xff, 0xd3, 0xff, 0xf9, 0x0, 0x0, 0x0,
    0xef, 0xfe, 0x1f, 0xff, 0xb0, 0x0, 0x0, 0xf,
    0xff, 0xd0, 0xef, 0xff, 0x20, 0x0, 0x7, 0xff,
    0xf9, 0x7, 0xff, 0xfe, 0x51, 0x28, 0xff, 0xff,
    0x30, 0xc, 0xff, 0xff, 0xff, 0xff, 0xff, 0x80,
    0x0, 0x1a, 0xff, 0xff, 0xff, 0xff, 0x70, 0x0,
    0x0, 0x4, 0xad, 0xfe, 0xd8, 0x20, 0x0,

    /* U+00F3 "ó" */
    0x0, 0x0, 0x0, 0x0, 0x9f, 0xff, 0x50, 0x0,
    0x0, 0x0, 0x0, 0x8f, 0xfd, 0x20, 0x0, 0x0,
    0x0, 0x0, 0x6f, 0xfb, 0x10, 0x0, 0x0, 0x0,
    0x0, 0x17, 0x86, 0x0, 0x0, 0x0, 0x0, 0x0,
    0x0, 0x0, 0x0, 0x0, 0x0, 0x0, 0x0, 0x4,
    0xad, 0xfe, 0xd8, 0x20, 0x0, 0x0, 0x1a, 0xff,
    0xff, 0xff, 0xff, 0x70, 0x0, 0xc, 0xff, 0xff,
    0xff, 0xff, 0xff, 0x80, 0x7, 0xff, 0xfe, 0x51,
    0x28, 0xff, 0xff, 0x30, 0xef, 0xff, 0x20, 0x0,
    0x7, 0xff, 0xf9, 0x1f, 0xff, 0xb0, 0x0, 0x0,
    0xf, 0xff, 0xd3, 0xff, 0xf9, 0x0, 0x0, 0x0,
    0xef, 0xfe, 0x1f, 0xff, 0xb0, 0x0, 0x0, 0xf,
    0xff, 0xd0, 0xef, 0xff, 0x20, 0x0, 0x7, 0xff,
    0xf9, 0x7, 0xff, 0xfe, 0x51, 0x28, 0xff, 0xff,
    0x30, 0xc, 0xff, 0xff, 0xff, 0xff, 0xff, 0x80,
    0x0, 0x1a, 0xff, 0xff, 0xff, 0xff, 0x70, 0x0,
    0x0, 0x4, 0xad, 0xfe, 0xd8, 0x20, 0x0,

    /* U+00F4 "ô" */
    0x0, 0x0, 0x4, 0xff, 0xfd, 0x10, 0x0, 0x0,
    0x0, 0x3, 0xff, 0xef, 0xfc, 0x0, 0x0, 0x0,
    0x2, 0xef, 0xc1, 0x4f, 0xfb, 0x0, 0x0, 0x0,
    0x68, 0x70, 0x0, 0x38, 0x83, 0x0, 0x0, 0x0,
    0x0, 0x0, 0x0, 0x0, 0x0, 0x0, 0x0, 0x4,
    0xad, 0xfe, 0xd8, 0x20, 0x0, 0x0, 0x1a, 0xff,
    0xff, 0xff, 0xff, 0x70, 0x0, 0xc, 0xff, 0xff,
    0xff, 0xff, 0xff, 0x80, 0x7, 0xff, 0xfe, 0x51,
    0x28, 0xff, 0xff, 0x30, 0xef, 0xff, 0x20, 0x0,
    0x7, 0xff, 0xf9, 0x1f, 0xff, 0xb0, 0x0, 0x0,
    0xf, 0xff, 0xd3, 0xff, 0xf9, 0x0, 0x0, 0x0,
    0xef, 0xfe, 0x1f, 0xff, 0xb0, 0x0, 0x0, 0xf,
    0xff, 0xd0, 0xef, 0xff, 0x20, 0x0, 0x7, 0xff,
    0xf9, 0x7, 0xff, 0xfe, 0x51, 0x28, 0xff, 0xff,
    0x30, 0xc, 0xff, 0xff, 0xff, 0xff, 0xff, 0x80,
    0x0, 0x1a, 0xff, 0xff, 0xff, 0xff, 0x70, 0x0,
    0x0, 0x4, 0xad, 0xfe, 0xd8, 0x20, 0x0,

    /* U+00F5 "õ" */
    0x0, 0x0, 0x0, 0x10, 0x0, 0x12, 0x0, 0x0,
    0x0, 0x9, 0xff, 0xc4, 0xb, 0xf5, 0x0, 0x0,
    0x6, 0xff, 0xff, 0xff, 0xff, 0x10, 0x0, 0x0,
    0xaf, 0x61, 0x7e, 0xfe, 0x50, 0x0, 0x0, 0x1,
    0x20, 0x0, 0x1, 0x0, 0x0, 0x0, 0x0, 0x0,
    0x0, 0x0, 0x0, 0x0, 0x0, 0x0, 0x0, 0x4a,
    0xdf, 0xed, 0x82, 0x0, 0x0, 0x1, 0xaf, 0xff,
    0xff, 0xff, 0xf7, 0x0, 0x0, 0xcf, 0xff, 0xff,
    0xff, 0xff, 0xf8, 0x0, 0x7f, 0xff, 0xe5, 0x12,
    0x8f, 0xff, 0xf3, 0xe, 0xff, 0xf2, 0x0, 0x0,
    0x7f, 0xff, 0x91, 0xff, 0xfb, 0x0, 0x0, 0x0,
    0xff, 0xfd, 0x3f, 0xff, 0x90, 0x0, 0x0, 0xe,
    0xff, 0xe1, 0xff, 0xfb, 0x0, 0x0, 0x0, 0xff,
    0xfd, 0xe, 0xff, 0xf2, 0x0, 0x0, 0x7f, 0xff,
    0x90, 0x7f, 0xff, 0xe5, 0x12, 0x8f, 0xff, 0xf3,
    0x0, 0xcf, 0xff, 0xff, 0xff, 0xff, 0xf8, 0x0,
    0x1, 0xaf, 0xff, 0xff, 0xff, 0xf7, 0x0, 0x0,
    0x0, 0x4a, 0xdf, 0xed, 0x82, 0x0, 0x0,

    /* U+00F6 "ö" */
    0x0, 0x0, 0xbf, 0x80, 0x1c, 0xf6, 0x0, 0x0,
    0x0, 0x3f, 0xff, 0x5, 0xff, 0xd0, 0x0, 0x0,
    0x1, 0xef, 0xc0, 0x2f, 0xfa, 0x0, 0x0, 0x0,
    0x1, 0x30, 0x0, 0x13, 0x0, 0x0, 0x0, 0x0,
    0x0, 0x0, 0x0, 0x0, 0x0, 0x0, 0x0, 0x4,
    0xad, 0xfe, 0xd8, 0x20, 0x0, 0x0, 0x1a, 0xff,
    0xff, 0xff, 0xff, 0x70, 0x0, 0xc, 0xff, 0xff,
    0xff, 0xff, 0xff, 0x80, 0x7, 0xff, 0xfe, 0x51,
    0x28, 0xff, 0xff, 0x30, 0xef, 0xff, 0x20, 0x0,
    0x7, 0xff, 0xf9, 0x1f, 0xff, 0xb0, 0x0, 0x0,
    0xf, 0xff, 0xd3, 0xff, 0xf9, 0x0, 0x0, 0x0,
    0xef, 0xfe, 0x1f, 0xff, 0xb0, 0x0, 0x0, 0xf,
    0xff, 0xd0, 0xef, 0xff, 0x20, 0x0, 0x7, 0xff,
    0xf9, 0x7, 0xff, 0xfe, 0x51, 0x28, 0xff, 0xff,
    0x30, 0xc, 0xff, 0xff, 0xff, 0xff, 0xff, 0x80,
    0x0, 0x1a, 0xff, 0xff, 0xff, 0xff, 0x70, 0x0,
    0x0, 0x4, 0xad, 0xfe, 0xd8, 0x20, 0x0,

    /* U+00F7 "÷" */
    0x0, 0x0, 0x2c, 0xe6, 0x0, 0x0, 0x0, 0x0,
    0xbf, 0xff, 0x10, 0x0, 0x0, 0x0, 0xbf, 0xff,
    0x10, 0x0, 0x0, 0x0, 0x2d, 0xf7, 0x0, 0x0,
    0x0, 0x0, 0x0, 0x0, 0x0, 0x0, 0x0, 0x0,
    0x0, 0x0, 0x0, 0x0, 0x8f, 0xff, 0xff, 0xff,
    0xff, 0xfe, 0x8f, 0xff, 0xff, 0xff, 0xff, 0xfe,
    0x7e, 0xee, 0xee, 0xee, 0xee, 0xed, 0x0, 0x0,
    0x0, 0x0, 0x0, 0x0, 0x0, 0x0, 0x2c, 0xe6,
    0x0, 0x0, 0x0, 0x0, 0xbf, 0xff, 0x10, 0x0,
    0x0, 0x0, 0xbf, 0xff, 0x10, 0x0, 0x0, 0x0,
    0x2d, 0xf7, 0x0, 0x0,

    /* U+00F8 "ø" */
    0x0, 0x0, 0x0, 0x0, 0x0, 0x18, 0x60, 0x0,
    0x0, 0x0, 0x0, 0x0, 0x9, 0xf6, 0x0, 0x0,
    0x0, 0x4a, 0xdf, 0xef, 0xff, 0x0, 0x0, 0x1,
    0xaf, 0xff, 0xff, 0xff, 0xf7, 0x0, 0x0, 0xcf,
    0xff, 0xff, 0xff, 0xff, 0xf8, 0x0, 0x7f, 0xff,
    0xe5, 0x1d, 0xff, 0xff, 0xf3, 0xe, 0xff, 0xf2,
    0x3, 0xfc, 0x7f, 0xff, 0x91, 0xff, 0xfb, 0x0,
    0xcf, 0x30, 0xff, 0xfd, 0x3f, 0xff, 0x90, 0x4f,
    0xb0, 0xe, 0xff, 0xe1, 0xff, 0xfb, 0xc, 0xf3,
    0x0, 0xff, 0xfd, 0xe, 0xff, 0xf8, 0xfa, 0x0,
    0x7f, 0xff, 0x90, 0x7f, 0xff, 0xff, 0x42, 0x8f,
    0xff, 0xf3, 0x0, 0xcf, 0xff, 0xff, 0xff, 0xff,
    0xf8, 0x0, 0x1, 0xbf, 0xff, 0xff, 0xff, 0xf7,
    0x0, 0x0, 0x6, 0xff, 0xdf, 0xed, 0x82, 0x0,
    0x0, 0x0, 0xef, 0x10, 0x0, 0x0, 0x0, 0x0,
    0x0, 0x28, 0x50, 0x0, 0x0, 0x0, 0x0, 0x0,

    /* U+00F9 "ù" */
    0x0, 0x5f, 0xff, 0x90, 0x0, 0x0, 0x0, 0x0,
    0x2, 0xdf, 0xf8, 0x0, 0x0, 0x0, 0x0, 0x0,
    0x1b, 0xff, 0x70, 0x0, 0x0, 0x0, 0x0, 0x0,
    0x68, 0x71, 0x0, 0x0, 0x0, 0x0, 0x0, 0x0,
    0x0, 0x0, 0x0, 0x5f, 0xff, 0x60, 0x0, 0x0,
    0xff, 0xfb, 0x5f, 0xff, 0x60, 0x0, 0x0, 0xff,
    0xfb, 0x5f, 0xff, 0x60, 0x0, 0x0, 0xff, 0xfb,
    0x5f, 0xff, 0x60, 0x0, 0x0, 0xff, 0xfb, 0x5f,
    0xff, 0x60, 0x0, 0x0, 0xff, 0xfb, 0x5f, 0xff,
    0x60, 0x0, 0x0, 0xff, 0xfb, 0x5f, 0xff, 0x60,
    0x0, 0x0, 0xff, 0xfb, 0x5f, 0xff, 0x80, 0x0,
    0x2, 0xff, 0xfb, 0x3f, 0xff, 0xc0, 0x0, 0x9,
    0xff, 0xfb, 0xf, 0xff, 0xfa, 0x44, 0xaf, 0xff,
    0xfb, 0x9, 0xff, 0xff, 0xff, 0xff, 0xff, 0xfb,
    0x0, 0xcf, 0xff, 0xff, 0xfd, 0xef, 0xfb, 0x0,
    0x7, 0xce, 0xfd, 0x70, 0xdf, 0xfb,

    /* U+00FA "ú" */
    0x0, 0x0, 0x0, 0x4, 0xff, 0xf9, 0x0, 0x0,
    0x0, 0x0, 0x3f, 0xff, 0x60, 0x0, 0x0, 0x0,
    0x2, 0xef, 0xe3, 0x0, 0x0, 0x0, 0x0, 0x6,
    0x87, 0x10, 0x0, 0x0, 0x0, 0x0, 0x0, 0x0,
    0x0, 0x0, 0x0, 0x5f, 0xff, 0x60, 0x0, 0x0,
    0xff, 0xfb, 0x5f, 0xff, 0x60, 0x0, 0x0, 0xff,
    0xfb, 0x5f, 0xff, 0x60, 0x0, 0x0, 0xff, 0xfb,
    0x5f, 0xff, 0x60, 0x0, 0x0, 0xff, 0xfb, 0x5f,
    0xff, 0x60, 0x0, 0x0, 0xff, 0xfb, 0x5f, 0xff,
    0x60, 0x0, 0x0, 0xff, 0xfb, 0x5f, 0xff, 0x60,
    0x0, 0x0, 0xff, 0xfb, 0x5f, 0xff, 0x80, 0x0,
    0x2, 0xff, 0xfb, 0x3f, 0xff, 0xc0, 0x0, 0x9,
    0xff, 0xfb, 0xf, 0xff, 0xfa, 0x44, 0xaf, 0xff,
    0xfb, 0x9, 0xff, 0xff, 0xff, 0xff, 0xff, 0xfb,
    0x0, 0xcf, 0xff, 0xff, 0xfd, 0xef, 0xfb, 0x0,
    0x7, 0xce, 0xfd, 0x70, 0xdf, 0xfb,

    /* U+00FB "û" */
    0x0, 0x0, 0x1d, 0xff, 0xf4, 0x0, 0x0, 0x0,
    0x0, 0xcf, 0xfe, 0xff, 0x30, 0x0, 0x0, 0xb,
    0xff, 0x41, 0xcf, 0xe2, 0x0, 0x0, 0x38, 0x83,
    0x0, 0x7, 0x86, 0x0, 0x0, 0x0, 0x0, 0x0,
    0x0, 0x0, 0x0, 0x5f, 0xff, 0x60, 0x0, 0x0,
    0xff, 0xfb, 0x5f, 0xff, 0x60, 0x0, 0x0, 0xff,
    0xfb, 0x5f, 0xff, 0x60, 0x0, 0x0, 0xff, 0xfb,
    0x5f, 0xff, 0x60, 0x0, 0x0, 0xff, 0xfb, 0x5f,
    0xff, 0x60, 0x0, 0x0, 0xff, 0xfb, 0x5f, 0xff,
    0x60, 0x0, 0x0, 0xff, 0xfb, 0x5f, 0xff, 0x60,
    0x0, 0x0, 0xff, 0xfb, 0x5f, 0xff, 0x80, 0x0,
    0x2, 0xff, 0xfb, 0x3f, 0xff, 0xc0, 0x0, 0x9,
    0xff, 0xfb, 0xf, 0xff, 0xfa, 0x44, 0xaf, 0xff,
    0xfb, 0x9, 0xff, 0xff, 0xff, 0xff, 0xff, 0xfb,
    0x0, 0xcf, 0xff, 0xff, 0xfd, 0xef, 0xfb, 0x0,
    0x7, 0xce, 0xfd, 0x70, 0xdf, 0xfb,

    /* U+00FC "ü" */
    0x0, 0x6, 0xfc, 0x10, 0x8f, 0xb0, 0x0, 0x0,
    0xd, 0xff, 0x50, 0xff, 0xf3, 0x0, 0x0, 0xa,
    0xff, 0x20, 0xcf, 0xe1, 0x0, 0x0, 0x0, 0x31,
    0x0, 0x3, 0x10, 0x0, 0x0, 0x0, 0x0, 0x0,
    0x0, 0x0, 0x0, 0x5f, 0xff, 0x60, 0x0, 0x0,
    0xff, 0xfb, 0x5f, 0xff, 0x60, 0x0, 0x0, 0xff,
    0xfb, 0x5f, 0xff, 0x60, 0x0, 0x0, 0xff, 0xfb,
    0x5f, 0xff, 0x60, 0x0, 0x0, 0xff, 0xfb, 0x5f,
    0xff, 0x60, 0x0, 0x0, 0xff, 0xfb, 0x5f, 0xff,
    0x60, 0x0, 0x0, 0xff, 0xfb, 0x5f, 0xff, 0x60,
    0x0, 0x0, 0xff, 0xfb, 0x5f, 0xff, 0x80, 0x0,
    0x2, 0xff, 0xfb, 0x3f, 0xff, 0xc0, 0x0, 0x9,
    0xff, 0xfb, 0xf, 0xff, 0xfa, 0x44, 0xaf, 0xff,
    0xfb, 0x9, 0xff, 0xff, 0xff, 0xff, 0xff, 0xfb,
    0x0, 0xcf, 0xff, 0xff, 0xfd, 0xef, 0xfb, 0x0,
    0x7, 0xce, 0xfd, 0x70, 0xdf, 0xfb,

    /* U+00FD "ý" */
    0x0, 0x0, 0x0, 0x0, 0x28, 0x88, 0x50, 0x0,
    0x0, 0x0, 0x0, 0x3, 0xef, 0xf8, 0x0, 0x0,
    0x0, 0x0, 0x0, 0x3f, 0xfd, 0x30, 0x0, 0x0,
    0x0, 0x0, 0x0, 0x78, 0x70, 0x0, 0x0, 0x0,
    0x0, 0x0, 0x0, 0x0, 0x0, 0x0, 0x0, 0x0,
    0xe, 0xff, 0xd0, 0x0, 0x0, 0x4, 0xff, 0xf5,
    0x8, 0xff, 0xf4, 0x0, 0x0, 0xa, 0xff, 0xe0,
    0x2, 0xff, 0xfa, 0x0, 0x0, 0x1f, 0xff, 0x70,
    0x0, 0xbf, 0xff, 0x10, 0x0, 0x7f, 0xff, 0x10,
    0x0, 0x4f, 0xff, 0x70, 0x0, 0xef, 0xfa, 0x0,
    0x0, 0xd, 0xff, 0xe0, 0x4, 0xff, 0xf3, 0x0,
    0x0, 0x7, 0xff, 0xf4, 0xb, 0xff, 0xd0, 0x0,
    0x0, 0x1, 0xff, 0xfb, 0x2f, 0xff, 0x60, 0x0,
    0x0, 0x0, 0x9f, 0xff, 0xaf, 0xfe, 0x0, 0x0,
    0x0, 0x0, 0x2f, 0xff, 0xff, 0xf8, 0x0, 0x0,
    0x0, 0x0, 0xc, 0xff, 0xff, 0xf2, 0x0, 0x0,
    0x0, 0x0, 0x5, 0xff, 0xff, 0xb0, 0x0, 0x0,
    0x0, 0x0, 0x0, 0xef, 0xff, 0x40, 0x0, 0x0,
    0x0, 0x0, 0x0, 0xbf, 0xfd, 0x0, 0x0, 0x0,
    0x1, 0x92, 0x7, 0xff, 0xf7, 0x0, 0x0, 0x0,
    0x8, 0xff, 0xff, 0xff, 0xe0, 0x0, 0x0, 0x0,
    0x1f, 0xff, 0xff, 0xff, 0x30, 0x0, 0x0, 0x0,
    0x4, 0xbe, 0xfd, 0x91, 0x0, 0x0, 0x0, 0x0,

    /* U+00FE "þ" */
    0x14, 0x44, 0x10, 0x0, 0x0, 0x0, 0x0, 0x4,
    0xff, 0xf7, 0x0, 0x0, 0x0, 0x0, 0x0, 0x4f,
    0xff, 0x70, 0x0, 0x0, 0x0, 0x0, 0x4, 0xff,
    0xf7, 0x0, 0x0, 0x0, 0x0, 0x0, 0x4f, 0xff,
    0x70, 0x0, 0x0, 0x0, 0x0, 0x4, 0xff, 0xf7,
    0x4b, 0xef, 0xda, 0x30, 0x0, 0x4f, 0xff, 0xdf,
    0xff, 0xff, 0xff, 0x80, 0x4, 0xff, 0xff, 0xff,
    0xff, 0xff, 0xff, 0x70, 0x4f, 0xff, 0xfd, 0x41,
    0x39, 0xff, 0xff, 0x14, 0xff, 0xfe, 0x10, 0x0,
    0x9, 0xff, 0xf7, 0x4f, 0xff, 0x90, 0x0, 0x0,
    0x2f, 0xff, 0xa4, 0xff, 0xf7, 0x0, 0x0, 0x0,
    0xff, 0xfc, 0x4f, 0xff, 0x90, 0x0, 0x0, 0x2f,
    0xff, 0xa4, 0xff, 0xfe, 0x10, 0x0, 0x9, 0xff,
    0xf8, 0x4f, 0xff, 0xfd, 0x41, 0x29, 0xff, 0xff,
    0x24, 0xff, 0xff, 0xff, 0xff, 0xff, 0xff, 0x80,
    0x4f, 0xff, 0xdf, 0xff, 0xff, 0xff, 0x80, 0x4,
    0xff, 0xf7, 0x4b, 0xef, 0xda, 0x30, 0x0, 0x4f,
    0xff, 0x70, 0x0, 0x0, 0x0, 0x0, 0x4, 0xff,
    0xf7, 0x0, 0x0, 0x0, 0x0, 0x0, 0x4f, 0xff,
    0x70, 0x0, 0x0, 0x0, 0x0, 0x4, 0xff, 0xf7,
    0x0, 0x0, 0x0, 0x0, 0x0, 0x4f, 0xff, 0x70,
    0x0, 0x0, 0x0, 0x0, 0x0,

    /* U+00FF "ÿ" */
    0x0, 0x0, 0xaf, 0x90, 0xb, 0xf7, 0x0, 0x0,
    0x0, 0x2, 0xff, 0xf1, 0x4f, 0xff, 0x0, 0x0,
    0x0, 0x0, 0xdf, 0xd0, 0x1e, 0xfb, 0x0, 0x0,
    0x0, 0x0, 0x3, 0x0, 0x1, 0x30, 0x0, 0x0,
    0x0, 0x0, 0x0, 0x0, 0x0, 0x0, 0x0, 0x0,
    0xe, 0xff, 0xd0, 0x0, 0x0, 0x4, 0xff, 0xf5,
    0x8, 0xff, 0xf4, 0x0, 0x0, 0xa, 0xff, 0xe0,
    0x2, 0xff, 0xfa, 0x0, 0x0, 0x1f, 0xff, 0x70,
    0x0, 0xbf, 0xff, 0x10, 0x0, 0x7f, 0xff, 0x10,
    0x0, 0x4f, 0xff, 0x70, 0x0, 0xef, 0xfa, 0x0,
    0x0, 0xd, 0xff, 0xe0, 0x4, 0xff, 0xf3, 0x0,
    0x0, 0x7, 0xff, 0xf4, 0xb, 0xff, 0xd0, 0x0,
    0x0, 0x1, 0xff, 0xfb, 0x2f, 0xff, 0x60, 0x0,
    0x0, 0x0, 0x9f, 0xff, 0xaf, 0xfe, 0x0, 0x0,
    0x0, 0x0, 0x2f, 0xff, 0xff, 0xf8, 0x0, 0x0,
    0x0, 0x0, 0xc, 0xff, 0xff, 0xf2, 0x0, 0x0,
    0x0, 0x0, 0x5, 0xff, 0xff, 0xb0, 0x0, 0x0,
    0x0, 0x0, 0x0, 0xef, 0xff, 0x40, 0x0, 0x0,
    0x0, 0x0, 0x0, 0xbf, 0xfd, 0x0, 0x0, 0x0,
    0x1, 0x92, 0x7, 0xff, 0xf7, 0x0, 0x0, 0x0,
    0x8, 0xff, 0xff, 0xff, 0xe0, 0x0, 0x0, 0x0,
    0x1f, 0xff, 0xff, 0xff, 0x30, 0x0, 0x0, 0x0,
    0x4, 0xbe, 0xfd, 0x91, 0x0, 0x0, 0x0, 0x0,

    /* U+2013 "–" */
    0x55, 0x55, 0x55, 0x55, 0x55, 0x55, 0xff, 0xff,
    0xff, 0xff, 0xff, 0xff, 0xff, 0xff, 0xff, 0xff,
    0xff, 0xff,

    /* U+2014 "—" */
    0x55, 0x55, 0x55, 0x55, 0x55, 0x55, 0x55, 0x55,
    0x55, 0x55, 0x55, 0x55, 0xff, 0xff, 0xff, 0xff,
    0xff, 0xff, 0xff, 0xff, 0xff, 0xff, 0xff, 0xff,
    0xff, 0xff, 0xff, 0xff, 0xff, 0xff, 0xff, 0xff,
    0xff, 0xff, 0xff, 0xff,

    /* U+2022 "•" */
    0x0, 0x0, 0x0, 0x0, 0x6e, 0xfb, 0x20, 0x4f,
    0xff, 0xfd, 0xa, 0xff, 0xff, 0xf3, 0xaf, 0xff,
    0xff, 0x34, 0xff, 0xff, 0xd0, 0x6, 0xdf, 0xb2,
    0x0,

    /* U+2026 "…" */
    0x1, 0x78, 0x20, 0x0, 0x59, 0x60, 0x0, 0x18,
    0x81, 0x0, 0xdf, 0xff, 0x20, 0x6f, 0xff, 0x80,
    0x1e, 0xff, 0xe0, 0x2f, 0xff, 0xf6, 0xb, 0xff,
    0xfd, 0x4, 0xff, 0xff, 0x40, 0xff, 0xff, 0x40,
    0x9f, 0xff, 0xa0, 0x2f, 0xff, 0xf2, 0x4, 0xde,
    0x80, 0x1, 0xbf, 0xc1, 0x0, 0x6e, 0xe6, 0x0,

    /* U+2192 "→" */
    0x0, 0x0, 0x1, 0x11, 0x0, 0x0, 0x0, 0x0,
    0xd, 0xff, 0x70, 0x0, 0x0, 0x0, 0x3, 0xff,
    0xf2, 0x0, 0x0, 0x0, 0x0, 0x9f, 0xfc, 0x0,
    0x0, 0x0, 0x0, 0x1e, 0xff, 0x60, 0xcf, 0xff,
    0xff, 0xff, 0xff, 0xf1, 0xcf, 0xff, 0xff, 0xff,
    0xff, 0xf7, 0x8a, 0xaa, 0xaa, 0xae, 0xff, 0xd0,
    0x0, 0x0, 0x0, 0x3f, 0xff, 0x30, 0x0, 0x0,
    0x0, 0xcf, 0xf9, 0x0, 0x0, 0x0, 0x6, 0xff,
    0xd0, 0x0, 0x0, 0x0, 0xb, 0xcc, 0x40, 0x0,

    /* U+2212 "−" */
    0x7e, 0xee, 0xee, 0xee, 0xee, 0xec, 0x8f, 0xff,
    0xff, 0xff, 0xff, 0xfe, 0x8f, 0xff, 0xff, 0xff,
    0xff, 0xfe, 0x0, 0x0, 0x0, 0x0, 0x0, 0x0
};


/*---------------------
 *  GLYPH DESCRIPTION
 *--------------------*/

static const lv_font_fmt_txt_glyph_dsc_t glyph_dsc[] = {
    {.bitmap_index = 0, .adv_w = 0, .box_w = 0, .box_h = 0, .ofs_x = 0, .ofs_y = 0} /* id = 0 reserved */,
    {.bitmap_index = 0, .adv_w = 109, .box_w = 0, .box_h = 0, .ofs_x = 0, .ofs_y = 0},
    {.bitmap_index = 0, .adv_w = 111, .box_w = 5, .box_h = 17, .ofs_x = 1, .ofs_y = 0},
    {.bitmap_index = 43, .adv_w = 168, .box_w = 9, .box_h = 7, .ofs_x = 1, .ofs_y = 10},
    {.bitmap_index = 75, .adv_w = 276, .box_w = 17, .box_h = 17, .ofs_x = 0, .ofs_y = 0},
    {.bitmap_index = 220, .adv_w = 245, .box_w = 15, .box_h = 23, .ofs_x = 0, .ofs_y = -3},
    {.bitmap_index = 393, .adv_w = 337, .box_w = 21, .box_h = 17, .ofs_x = 0, .ofs_y = 0},
    {.bitmap_index = 572, .adv_w = 280, .box_w = 17, .box_h = 17, .ofs_x = 0, .ofs_y = 0},
    {.bitmap_index = 717, .adv_w = 88, .box_w = 4, .box_h = 7, .ofs_x = 1, .ofs_y = 10},
    {.bitmap_index = 731, .adv_w = 137, .box_w = 8, .box_h = 23, .ofs_x = 1, .ofs_y = -5},
    {.bitmap_index = 823, .adv_w = 137, .box_w = 7, .box_h = 23, .ofs_x = 0, .ofs_y = -5},
    {.bitmap_index = 904, .adv_w = 167, .box_w = 11, .box_h = 10, .ofs_x = 0, .ofs_y = 8},
    {.bitmap_index = 959, .adv_w = 230, .box_w = 12, .box_h = 11, .ofs_x = 1, .ofs_y = 3},
    {.bitmap_index = 1025, .adv_w = 101, .box_w = 6, .box_h = 9, .ofs_x = 0, .ofs_y = -4},
    {.bitmap_index = 1052, .adv_w = 148, .box_w = 8, .box_h = 3, .ofs_x = 1, .ofs_y = 5},
    {.bitmap_index = 1064, .adv_w = 101, .box_w = 6, .box_h = 5, .ofs_x = 0, .ofs_y = 0},
    {.bitmap_index = 1079, .adv_w = 151, .box_w = 12, .box_h = 23, .ofs_x = -1, .ofs_y = -2},
    {.bitmap_index = 1217, .adv_w = 261, .box_w = 16, .box_h = 17, .ofs_x = 0, .ofs_y = 0},
    {.bitmap_index = 1353, .adv_w = 151, .box_w = 8, .box_h = 17, .ofs_x = 0, .ofs_y = 0},
    {.bitmap_index = 1421, .adv_w = 227, .box_w = 14, .box_h = 17, .ofs_x = 0, .ofs_y = 0},
    {.bitmap_index = 1540, .adv_w = 227, .box_w = 15, .box_h = 17, .ofs_x = -1, .ofs_y = 0},
    {.bitmap_index = 1668, .adv_w = 265, .box_w = 17, .box_h = 17, .ofs_x = 0, .ofs_y = 0},
    {.bitmap_index = 1813, .adv_w = 228, .box_w = 14, .box_h = 17, .ofs_x = 0, .ofs_y = 0},
    {.bitmap_index = 1932, .adv_w = 245, .box_w = 15, .box_h = 17, .ofs_x = 0, .ofs_y = 0},
    {.bitmap_index = 2060, .adv_w = 238, .box_w = 15, .box_h = 17, .ofs_x = 0, .ofs_y = 0},
    {.bitmap_index = 2188, .adv_w = 253, .box_w = 15, .box_h = 17, .ofs_x = 0, .ofs_y = 0},
    {.bitmap_index = 2316, .adv_w = 245, .box_w = 15, .box_h = 17, .ofs_x = 0, .ofs_y = 0},
    {.bitmap_index = 2444, .adv_w = 101, .box_w = 6, .box_h = 13, .ofs_x = 0, .ofs_y = 0},
    {.bitmap_index = 2483, .adv_w = 101, .box_w = 6, .box_h = 17, .ofs_x = 0, .ofs_y = -4},
    {.bitmap_index = 2534, .adv_w = 230, .box_w = 12, .box_h = 13, .ofs_x = 1, .ofs_y = 2},
    {.bitmap_index = 2612, .adv_w = 230, .box_w = 12, .box_h = 9, .ofs_x = 1, .ofs_y = 4},
    {.bitmap_index = 2666, .adv_w = 230, .box_w = 12, .box_h = 13, .ofs_x = 1, .ofs_y = 2},
    {.bitmap_index = 2744, .adv_w = 226, .box_w = 14, .box_h = 17, .ofs_x = -1, .ofs_y = 0},
    {.bitmap_index = 2863, .adv_w = 397, .box_w = 24, .box_h = 22, .ofs_x = 0, .ofs_y = -5},
    {.bitmap_index = 3127, .adv_w = 294, .box_w = 20, .box_h = 17, .ofs_x = -1, .ofs_y = 0},
    {.bitmap_index = 3297, .adv_w = 294, .box_w = 17, .box_h = 17, .ofs_x = 1, .ofs_y = 0},
    {.bitmap_index = 3442, .adv_w = 278, .box_w = 17, .box_h = 17, .ofs_x = 0, .ofs_y = 0},
    {.bitmap_index = 3587, .adv_w = 317, .box_w = 18, .box_h = 17, .ofs_x = 1, .ofs_y = 0},
    {.bitmap_index = 3740, .adv_w = 258, .box_w = 14, .box_h = 17, .ofs_x = 1, .ofs_y = 0},
    {.bitmap_index = 3859, .adv_w = 245, .box_w = 14, .box_h = 17, .ofs_x = 1, .ofs_y = 0},
    {.bitmap_index = 3978, .adv_w = 296, .box_w = 18, .box_h = 17, .ofs_x = 0, .ofs_y = 0},
    {.bitmap_index = 4131, .adv_w = 310, .box_w = 17, .box_h = 17, .ofs_x = 1, .ofs_y = 0},
    {.bitmap_index = 4276, .adv_w = 126, .box_w = 5, .box_h = 17, .ofs_x = 1, .ofs_y = 0},
    {.bitmap_index = 4319, .adv_w = 208, .box_w = 13, .box_h = 17, .ofs_x = -1, .ofs_y = 0},
    {.bitmap_index = 4430, .adv_w = 284, .box_w = 18, .box_h = 17, .ofs_x = 1, .ofs_y = 0},
    {.bitmap_index = 4583, .adv_w = 232, .box_w = 14, .box_h = 17, .ofs_x = 1, .ofs_y = 0},
    {.bitmap_index = 4702, .adv_w = 367, .box_w = 20, .box_h = 17, .ofs_x = 1, .ofs_y = 0},
    {.bitmap_index = 4872, .adv_w = 310, .box_w = 17, .box_h = 17, .ofs_x = 1, .ofs_y = 0},
    {.bitmap_index = 5017, .adv_w = 324, .box_w = 20, .box_h = 17, .ofs_x = 0, .ofs_y = 0},
    {.bitmap_index = 5187, .adv_w = 281, .box_w = 16, .box_h = 17, .ofs_x = 1, .ofs_y = 0},
    {.bitmap_index = 5323, .adv_w = 324, .box_w = 21, .box_h = 21, .ofs_x = 0, .ofs_y = -4},
    {.bitmap_index = 5544, .adv_w = 282, .box_w = 16, .box_h = 17, .ofs_x = 1, .ofs_y = 0},
    {.bitmap_index = 5680, .adv_w = 245, .box_w = 15, .box_h = 17, .ofs_x = 0, .ofs_y = 0},
    {.bitmap_index = 5808, .adv_w = 237, .box_w = 15, .box_h = 17, .ofs_x = 0, .ofs_y = 0},
    {.bitmap_index = 5936, .adv_w = 303, .box_w = 17, .box_h = 17, .ofs_x = 1, .ofs_y = 0},
    {.bitmap_index = 6081, .adv_w = 286, .box_w = 20, .box_h = 17, .ofs_x = -1, .ofs_y = 0},
    {.bitmap_index = 6251, .adv_w = 447, .box_w = 28, .box_h = 17, .ofs_x = 0, .ofs_y = 0},
    {.bitmap_index = 6489, .adv_w = 274, .box_w = 18, .box_h = 17, .ofs_x = 0, .ofs_y = 0},
    {.bitmap_index = 6642, .adv_w = 260, .box_w = 18, .box_h = 17, .ofs_x = -1, .ofs_y = 0},
    {.bitmap_index = 6795, .adv_w = 258, .box_w = 16, .box_h = 17, .ofs_x = 0, .ofs_y = 0},
    {.bitmap_index = 6931, .adv_w = 141, .box_w = 8, .box_h = 22, .ofs_x = 1, .ofs_y = -5},
    {.bitmap_index = 7019, .adv_w = 151, .box_w = 13, .box_h = 23, .ofs_x = -2, .ofs_y = -2},
    {.bitmap_index = 7169, .adv_w = 141, .box_w = 7, .box_h = 22, .ofs_x = 0, .ofs_y = -5},
    {.bitmap_index = 7246, .adv_w = 230, .box_w = 13, .box_h = 10, .ofs_x = 1, .ofs_y = 3},
    {.bitmap_index = 7311, .adv_w = 192, .box_w = 12, .box_h = 3, .ofs_x = 0, .ofs_y = -2},
    {.bitmap_index = 7329, .adv_w = 230, .box_w = 8, .box_h = 4, .ofs_x = 2, .ofs_y = 14},
    {.bitmap_index = 7345, .adv_w = 237, .box_w = 14, .box_h = 13, .ofs_x = 0, .ofs_y = 0},
    {.bitmap_index = 7436, .adv_w = 265, .box_w = 15, .box_h = 18, .ofs_x = 1, .ofs_y = 0},
    {.bitmap_index = 7571, .adv_w = 227, .box_w = 14, .box_h = 13, .ofs_x = 0, .ofs_y = 0},
    {.bitmap_index = 7662, .adv_w = 266, .box_w = 15, .box_h = 18, .ofs_x = 0, .ofs_y = 0},
    {.bitmap_index = 7797, .adv_w = 242, .box_w = 15, .box_h = 13, .ofs_x = 0, .ofs_y = 0},
    {.bitmap_index = 7895, .adv_w = 149, .box_w = 11, .box_h = 18, .ofs_x = 0, .ofs_y = 0},
    {.bitmap_index = 7994, .adv_w = 269, .box_w = 16, .box_h = 18, .ofs_x = 0, .ofs_y = -5},
    {.bitmap_index = 8138, .adv_w = 265, .box_w = 14, .box_h = 18, .ofs_x = 1, .ofs_y = 0},
    {.bitmap_index = 8264, .adv_w = 116, .box_w = 5, .box_h = 19, .ofs_x = 1, .ofs_y = 0},
    {.bitmap_index = 8312, .adv_w = 118, .box_w = 10, .box_h = 24, .ofs_x = -3, .ofs_y = -5},
    {.bitmap_index = 8432, .adv_w = 252, .box_w = 15, .box_h = 18, .ofs_x = 1, .ofs_y = 0},
    {.bitmap_index = 8567, .adv_w = 116, .box_w = 5, .box_h = 18, .ofs_x = 1, .ofs_y = 0},
    {.bitmap_index = 8612, .adv_w = 403, .box_w = 23, .box_h = 13, .ofs_x = 1, .ofs_y = 0},
    {.bitmap_index = 8762, .adv_w = 265, .box_w = 14, .box_h = 13, .ofs_x = 1, .ofs_y = 0},
    {.bitmap_index = 8853, .adv_w = 252, .box_w = 15, .box_h = 13, .ofs_x = 0, .ofs_y = 0},
    {.bitmap_index = 8951, .adv_w = 265, .box_w = 15, .box_h = 18, .ofs_x = 1, .ofs_y = -5},
    {.bitmap_index = 9086, .adv_w = 265, .box_w = 15, .box_h = 18, .ofs_x = 0, .ofs_y = -5},
    {.bitmap_index = 9221, .adv_w = 166, .box_w = 9, .box_h = 13, .ofs_x = 1, .ofs_y = 0},
    {.bitmap_index = 9280, .adv_w = 204, .box_w = 13, .box_h = 13, .ofs_x = 0, .ofs_y = 0},
    {.bitmap_index = 9365, .adv_w = 167, .box_w = 11, .box_h = 16, .ofs_x = 0, .ofs_y = 0},
    {.bitmap_index = 9453, .adv_w = 264, .box_w = 14, .box_h = 13, .ofs_x = 1, .ofs_y = 0},
    {.bitmap_index = 9544, .adv_w = 230, .box_w = 16, .box_h = 13, .ofs_x = -1, .ofs_y = 0},
    {.bitmap_index = 9648, .adv_w = 360, .box_w = 23, .box_h = 13, .ofs_x = 0, .ofs_y = 0},
    {.bitmap_index = 9798, .adv_w = 228, .box_w = 15, .box_h = 13, .ofs_x = 0, .ofs_y = 0},
    {.bitmap_index = 9896, .adv_w = 230, .box_w = 16, .box_h = 18, .ofs_x = -1, .ofs_y = -5},
    {.bitmap_index = 10040, .adv_w = 209, .box_w = 13, .box_h = 13, .ofs_x = 0, .ofs_y = 0},
    {.bitmap_index = 10125, .adv_w = 150, .box_w = 9, .box_h = 22, .ofs_x = 1, .ofs_y = -5},
    {.bitmap_index = 10224, .adv_w = 119, .box_w = 5, .box_h = 23, .ofs_x = 1, .ofs_y = -5},
    {.bitmap_index = 10282, .adv_w = 150, .box_w = 9, .box_h = 22, .ofs_x = 0, .ofs_y = -5},
    {.bitmap_index = 10381, .adv_w = 230, .box_w = 13, .box_h = 5, .ofs_x = 1, .ofs_y = 6},
    {.bitmap_index = 10414, .adv_w = 109, .box_w = 0, .box_h = 0, .ofs_x = 0, .ofs_y = 0},
    {.bitmap_index = 10414, .adv_w = 111, .box_w = 5, .box_h = 17, .ofs_x = 1, .ofs_y = -4},
    {.bitmap_index = 10457, .adv_w = 227, .box_w = 14, .box_h = 19, .ofs_x = 0, .ofs_y = -3},
    {.bitmap_index = 10590, .adv_w = 257, .box_w = 16, .box_h = 17, .ofs_x = 0, .ofs_y = 0},
    {.bitmap_index = 10726, .adv_w = 269, .box_w = 17, .box_h = 16, .ofs_x = 0, .ofs_y = -1},
    {.bitmap_index = 10862, .adv_w = 283, .box_w = 20, .box_h = 17, .ofs_x = -1, .ofs_y = 0},
    {.bitmap_index = 11032, .adv_w = 119, .box_w = 5, .box_h = 23, .ofs_x = 1, .ofs_y = -5},
    {.bitmap_index = 11090, .adv_w = 200, .box_w = 13, .box_h = 20, .ofs_x = 0, .ofs_y = -3},
    {.bitmap_index = 11220, .adv_w = 230, .box_w = 9, .box_h = 4, .ofs_x = 3, .ofs_y = 15},
    {.bitmap_index = 11238, .adv_w = 301, .box_w = 18, .box_h = 17, .ofs_x = 0, .ofs_y = 0},
    {.bitmap_index = 11391, .adv_w = 158, .box_w = 9, .box_h = 8, .ofs_x = 0, .ofs_y = 10},
    {.bitmap_index = 11427, .adv_w = 218, .box_w = 14, .box_h = 10, .ofs_x = 0, .ofs_y = 2},
    {.bitmap_index = 11497, .adv_w = 230, .box_w = 12, .box_h = 7, .ofs_x = 1, .ofs_y = 3},
    {.bitmap_index = 11539, .adv_w = 301, .box_w = 18, .box_h = 17, .ofs_x = 0, .ofs_y = 0},
    {.bitmap_index = 11692, .adv_w = 230, .box_w = 10, .box_h = 3, .ofs_x = 2, .ofs_y = 15},
    {.bitmap_index = 11707, .adv_w = 161, .box_w = 10, .box_h = 8, .ofs_x = 0, .ofs_y = 9},
    {.bitmap_index = 11747, .adv_w = 230, .box_w = 12, .box_h = 16, .ofs_x = 1, .ofs_y = 0},
    {.bitmap_index = 11843, .adv_w = 165, .box_w = 10, .box_h = 10, .ofs_x = 0, .ofs_y = 8},
    {.bitmap_index = 11893, .adv_w = 165, .box_w = 10, .box_h = 10, .ofs_x = 0, .ofs_y = 8},
    {.bitmap_index = 11943, .adv_w = 230, .box_w = 8, .box_h = 4, .ofs_x = 5, .ofs_y = 14},
    {.bitmap_index = 11959, .adv_w = 265, .box_w = 14, .box_h = 18, .ofs_x = 1, .ofs_y = -5},
    {.bitmap_index = 12085, .adv_w = 263, .box_w = 15, .box_h = 21, .ofs_x = 0, .ofs_y = -3},
    {.bitmap_index = 12243, .adv_w = 116, .box_w = 5, .box_h = 5, .ofs_x = 1, .ofs_y = 4},
    {.bitmap_index = 12256, .adv_w = 230, .box_w = 6, .box_h = 6, .ofs_x = 4, .ofs_y = -6},
    {.bitmap_index = 12274, .adv_w = 165, .box_w = 9, .box_h = 10, .ofs_x = 1, .ofs_y = 8},
    {.bitmap_index = 12319, .adv_w = 164, .box_w = 10, .box_h = 8, .ofs_x = 0, .ofs_y = 10},
    {.bitmap_index = 12359, .adv_w = 218, .box_w = 13, .box_h = 10, .ofs_x = 0, .ofs_y = 2},
    {.bitmap_index = 12424, .adv_w = 401, .box_w = 24, .box_h = 17, .ofs_x = 1, .ofs_y = 0},
    {.bitmap_index = 12628, .adv_w = 401, .box_w = 24, .box_h = 17, .ofs_x = 1, .ofs_y = 0},
    {.bitmap_index = 12832, .adv_w = 401, .box_w = 25, .box_h = 17, .ofs_x = 0, .ofs_y = 0},
    {.bitmap_index = 13045, .adv_w = 226, .box_w = 14, .box_h = 17, .ofs_x = 1, .ofs_y = -4},
    {.bitmap_index = 13164, .adv_w = 294, .box_w = 20, .box_h = 22, .ofs_x = -1, .ofs_y = 0},
    {.bitmap_index = 13384, .adv_w = 294, .box_w = 20, .box_h = 22, .ofs_x = -1, .ofs_y = 0},
    {.bitmap_index = 13604, .adv_w = 294, .box_w = 20, .box_h = 22, .ofs_x = -1, .ofs_y = 0},
    {.bitmap_index = 13824, .adv_w = 294, .box_w = 20, .box_h = 22, .ofs_x = -1, .ofs_y = 0},
    {.bitmap_index = 14044, .adv_w = 294, .box_w = 20, .box_h = 22, .ofs_x = -1, .ofs_y = 0},
    {.bitmap_index = 14264, .adv_w = 294, .box_w = 20, .box_h = 24, .ofs_x = -1, .ofs_y = 0},
    {.bitmap_index = 14504, .adv_w = 415, .box_w = 26, .box_h = 17, .ofs_x = -1, .ofs_y = 0},
    {.bitmap_index = 14725, .adv_w = 278, .box_w = 17, .box_h = 22, .ofs_x = 0, .ofs_y = -5},
    {.bitmap_index = 14912, .adv_w = 258, .box_w = 14, .box_h = 22, .ofs_x = 1, .ofs_y = 0},
    {.bitmap_index = 15066, .adv_w = 258, .box_w = 14, .box_h = 22, .ofs_x = 1, .ofs_y = 0},
    {.bitmap_index = 15220, .adv_w = 258, .box_w = 14, .box_h = 22, .ofs_x = 1, .ofs_y = 0},
    {.bitmap_index = 15374, .adv_w = 258, .box_w = 14, .box_h = 22, .ofs_x = 1, .ofs_y = 0},
    {.bitmap_index = 15528, .adv_w = 126, .box_w = 9, .box_h = 22, .ofs_x = -2, .ofs_y = 0},
    {.bitmap_index = 15627, .adv_w = 126, .box_w = 9, .box_h = 22, .ofs_x = 1, .ofs_y = 0},
    {.bitmap_index = 15726, .adv_w = 126, .box_w = 10, .box_h = 22, .ofs_x = -1, .ofs_y = 0},
    {.bitmap_index = 15836, .adv_w = 126, .box_w = 10, .box_h = 22, .ofs_x = -1, .ofs_y = 0},
    {.bitmap_index = 15946, .adv_w = 322, .box_w = 20, .box_h = 17, .ofs_x = 0, .ofs_y = 0},
    {.bitmap_index = 16116, .adv_w = 310, .box_w = 17, .box_h = 22, .ofs_x = 1, .ofs_y = 0},
    {.bitmap_index = 16303, .adv_w = 324, .box_w = 20, .box_h = 22, .ofs_x = 0, .ofs_y = 0},
    {.bitmap_index = 16523, .adv_w = 324, .box_w = 20, .box_h = 22, .ofs_x = 0, .ofs_y = 0},
    {.bitmap_index = 16743, .adv_w = 324, .box_w = 20, .box_h = 22, .ofs_x = 0, .ofs_y = 0},
    {.bitmap_index = 16963, .adv_w = 324, .box_w = 20, .box_h = 22, .ofs_x = 0, .ofs_y = 0},
    {.bitmap_index = 17183, .adv_w = 324, .box_w = 20, .box_h = 22, .ofs_x = 0, .ofs_y = 0},
    {.bitmap_index = 17403, .adv_w = 230, .box_w = 11, .box_h = 11, .ofs_x = 2, .ofs_y = 3},
    {.bitmap_index = 17464, .adv_w = 324, .box_w = 20, .box_h = 21, .ofs_x = 0, .ofs_y = -2},
    {.bitmap_index = 17674, .adv_w = 303, .box_w = 17, .box_h = 22, .ofs_x = 1, .ofs_y = 0},
    {.bitmap_index = 17861, .adv_w = 303, .box_w = 17, .box_h = 22, .ofs_x = 1, .ofs_y = 0},
    {.bitmap_index = 18048, .adv_w = 303, .box_w = 17, .box_h = 22, .ofs_x = 1, .ofs_y = 0},
    {.bitmap_index = 18235, .adv_w = 303, .box_w = 17, .box_h = 22, .ofs_x = 1, .ofs_y = 0},
    {.bitmap_index = 18422, .adv_w = 260, .box_w = 18, .box_h = 22, .ofs_x = -1, .ofs_y = 0},
    {.bitmap_index = 18620, .adv_w = 281, .box_w = 16, .box_h = 17, .ofs_x = 1, .ofs_y = 0},
    {.bitmap_index = 18756, .adv_w = 266, .box_w = 15, .box_h = 19, .ofs_x = 1, .ofs_y = 0},
    {.bitmap_index = 18899, .adv_w = 237, .box_w = 14, .box_h = 18, .ofs_x = 0, .ofs_y = 0},
    {.bitmap_index = 19025, .adv_w = 237, .box_w = 14, .box_h = 18, .ofs_x = 0, .ofs_y = 0},
    {.bitmap_index = 19151, .adv_w = 237, .box_w = 14, .box_h = 18, .ofs_x = 0, .ofs_y = 0},
    {.bitmap_index = 19277, .adv_w = 237, .box_w = 14, .box_h = 19, .ofs_x = 0, .ofs_y = 0},
    {.bitmap_index = 19410, .adv_w = 237, .box_w = 14, .box_h = 18, .ofs_x = 0, .ofs_y = 0},
    {.bitmap_index = 19536, .adv_w = 237, .box_w = 14, .box_h = 21, .ofs_x = 0, .ofs_y = 0},
    {.bitmap_index = 19683, .adv_w = 382, .box_w = 24, .box_h = 13, .ofs_x = 0, .ofs_y = 0},
    {.bitmap_index = 19839, .adv_w = 227, .box_w = 14, .box_h = 18, .ofs_x = 0, .ofs_y = -5},
    {.bitmap_index = 19965, .adv_w = 242, .box_w = 15, .box_h = 18, .ofs_x = 0, .ofs_y = 0},
    {.bitmap_index = 20100, .adv_w = 242, .box_w = 15, .box_h = 18, .ofs_x = 0, .ofs_y = 0},
    {.bitmap_index = 20235, .adv_w = 242, .box_w = 15, .box_h = 18, .ofs_x = 0, .ofs_y = 0},
    {.bitmap_index = 20370, .adv_w = 242, .box_w = 15, .box_h = 18, .ofs_x = 0, .ofs_y = 0},
    {.bitmap_index = 20505, .adv_w = 116, .box_w = 8, .box_h = 18, .ofs_x = -2, .ofs_y = 0},
    {.bitmap_index = 20577, .adv_w = 116, .box_w = 8, .box_h = 18, .ofs_x = 1, .ofs_y = 0},
    {.bitmap_index = 20649, .adv_w = 116, .box_w = 9, .box_h = 18, .ofs_x = -1, .ofs_y = 0},
    {.bitmap_index = 20730, .adv_w = 116, .box_w = 8, .box_h = 18, .ofs_x = 0, .ofs_y = 0},
    {.bitmap_index = 20802, .adv_w = 236, .box_w = 14, .box_h = 18, .ofs_x = 0, .ofs_y = 0},
    {.bitmap_index = 20928, .adv_w = 265, .box_w = 14, .box_h = 18, .ofs_x = 1, .ofs_y = 0},
    {.bitmap_index = 21054, .adv_w = 252, .box_w = 15, .box_h = 18, .ofs_x = 0, .ofs_y = 0},
    {.bitmap_index = 21189, .adv_w = 252, .box_w = 15, .box_h = 18, .ofs_x = 0, .ofs_y = 0},
    {.bitmap_index = 21324, .adv_w = 252, .box_w = 15, .box_h = 18, .ofs_x = 0, .ofs_y = 0},
    {.bitmap_index = 21459, .adv_w = 252, .box_w = 15, .box_h = 19, .ofs_x = 0, .ofs_y = 0},
    {.bitmap_index = 21602, .adv_w = 252, .box_w = 15, .box_h = 18, .ofs_x = 0, .ofs_y = 0},
    {.bitmap_index = 21737, .adv_w = 230, .box_w = 12, .box_h = 14, .ofs_x = 1, .ofs_y = 1},
    {.bitmap_index = 21821, .adv_w = 252, .box_w = 15, .box_h = 17, .ofs_x = 0, .ofs_y = -2},
    {.bitmap_index = 21949, .adv_w = 264, .box_w = 14, .box_h = 18, .ofs_x = 1, .ofs_y = 0},
    {.bitmap_index = 22075, .adv_w = 264, .box_w = 14, .box_h = 18, .ofs_x = 1, .ofs_y = 0},
    {.bitmap_index = 22201, .adv_w = 264, .box_w = 14, .box_h = 18, .ofs_x = 1, .ofs_y = 0},
    {.bitmap_index = 22327, .adv_w = 264, .box_w = 14, .box_h = 18, .ofs_x = 1, .ofs_y = 0},
    {.bitmap_index = 22453, .adv_w = 230, .box_w = 16, .box_h = 23, .ofs_x = -1, .ofs_y = -5},
    {.bitmap_index = 22637, .adv_w = 265, .box_w = 15, .box_h = 23, .ofs_x = 1, .ofs_y = -5},
    {.bitmap_index = 22810, .adv_w = 230, .box_w = 16, .box_h = 23, .ofs_x = -1, .ofs_y = -5},
    {.bitmap_index = 22994, .adv_w = 192, .box_w = 12, .box_h = 3, .ofs_x = 0, .ofs_y = 6},
    {.bitmap_index = 23012, .adv_w = 384, .box_w = 24, .box_h = 3, .ofs_x = 0, .ofs_y = 6},
    {.bitmap_index = 23048, .adv_w = 137, .box_w = 7, .box_h = 7, .ofs_x = 1, .ofs_y = 4},
    {.bitmap_index = 23073, .adv_w = 306, .box_w = 19, .box_h = 5, .ofs_x = 0, .ofs_y = 0},
    {.bitmap_index = 23121, .adv_w = 230, .box_w = 12, .box_h = 12, .ofs_x = 1, .ofs_y = 1},
    {.bitmap_index = 23193, .adv_w = 230, .box_w = 12, .box_h = 4, .ofs_x = 1, .ofs_y = 6}
};

/*---------------------
 *  CHARACTER MAPPING
 *--------------------*/

static const uint16_t unicode_list_3[] = {
    0x0, 0x1, 0xf, 0x13, 0x17f, 0x1ff
};

/*Collect the unicode lists and glyph_id offsets*/
static const lv_font_fmt_txt_cmap_t cmaps[] =
{
    {
        .range_start = 32, .range_length = 95, .glyph_id_start = 1,
        .unicode_list = NULL, .glyph_id_ofs_list = NULL, .list_length = 0, .type = LV_FONT_FMT_TXT_CMAP_FORMAT0_TINY
    },
    {
        .range_start = 160, .range_length = 13, .glyph_id_start = 96,
        .unicode_list = NULL, .glyph_id_ofs_list = NULL, .list_length = 0, .type = LV_FONT_FMT_TXT_CMAP_FORMAT0_TINY
    },
    {
        .range_start = 174, .range_length = 82, .glyph_id_start = 109,
        .unicode_list = NULL, .glyph_id_ofs_list = NULL, .list_length = 0, .type = LV_FONT_FMT_TXT_CMAP_FORMAT0_TINY
    },
    {
        .range_start = 8211, .range_length = 512, .glyph_id_start = 191,
        .unicode_list = unicode_list_3, .glyph_id_ofs_list = NULL, .list_length = 6, .type = LV_FONT_FMT_TXT_CMAP_SPARSE_TINY
    }
};

/*-----------------
 *    KERNING
 *----------------*/


/*Map glyph_ids to kern left classes*/
static const uint8_t kern_left_class_mapping[] =
{
    0, 0, 1, 2, 0, 3, 4, 5,
    2, 6, 0, 7, 8, 9, 8, 9,
    10, 11, 0, 12, 13, 14, 15, 16,
    17, 18, 11, 19, 19, 0, 0, 0,
    20, 21, 0, 0, 0, 0, 0, 0,
    0, 0, 0, 0, 0, 0, 0, 0,
    0, 0, 0, 0, 0, 0, 0, 0,
    0, 0, 0, 0, 22, 23, 0, 0,
    24, 0, 0, 0, 0, 0, 0, 0,
    0, 0, 0, 0, 0, 0, 0, 0,
    0, 0, 0, 0, 0, 0, 0, 0,
    0, 0, 0, 0, 22, 0, 0, 8,
    0, 25, 26, 27, 28, 29, 0, 30,
    0, 21, 0, 31, 0, 21, 0, 32,
    8, 0, 0, 0, 33, 0, 8, 0,
    0, 0, 8, 0, 0, 0, 34, 0,
    0, 0, 0, 0, 0, 0, 0, 0,
    0, 0, 0, 0, 0, 0, 0, 0,
    0, 0, 0, 0, 0, 0, 0, 0,
    0, 0, 0, 0, 0, 0, 0, 0,
    0, 0, 0, 0, 0, 0, 0, 0,
    0, 0, 0, 0, 0, 0, 0, 0,
    0, 0, 0, 0, 0, 0, 8, 0,
    0, 0, 0, 0, 0, 0, 0, 8,
    0, 8, 9, 0, 8
};

/*Map glyph_ids to kern right classes*/
static const uint8_t kern_right_class_mapping[] =
{
    0, 0, 1, 2, 0, 3, 4, 5,
    2, 0, 6, 7, 8, 9, 8, 9,
    10, 11, 12, 13, 14, 15, 16, 11,
    17, 18, 19, 20, 20, 0, 0, 0,
    21, 22, 0, 0, 0, 0, 0, 0,
    0, 0, 0, 0, 0, 0, 0, 0,
    0, 0, 0, 0, 0, 0, 0, 0,
    0, 0, 0, 0, 23, 24, 25, 0,
    26, 0, 0, 0, 0, 0, 0, 0,
    0, 0, 0, 0, 0, 0, 0, 0,
    0, 0, 0, 0, 0, 0, 0, 0,
    0, 0, 0, 0, 0, 0, 25, 8,
    0, 27, 28, 29, 30, 31, 0, 32,
    0, 22, 0, 8, 8, 22, 0, 33,
    8, 0, 0, 0, 34, 35, 8, 0,
    0, 0, 36, 0, 0, 0, 37, 0,
    0, 0, 0, 0, 0, 0, 0, 0,
    0, 0, 0, 0, 0, 0, 0, 0,
    0, 0, 0, 0, 0, 0, 0, 0,
    0, 0, 0, 0, 0, 0, 0, 0,
    0, 0, 0, 0, 0, 0, 0, 0,
    0, 0, 0, 0, 0, 0, 0, 0,
    0, 0, 0, 0, 0, 0, 8, 0,
    0, 0, 0, 0, 0, 0, 0, 8,
    0, 8, 9, 0, 8
};

/*Kern values between classes*/
static const int8_t kern_class_values[] =
{
    0, 2, 0, 0, 0, 0, 3, 0,
    2, 0, 0, 4, 0, 0, 0, 0,
    2, 0, 0, 0, 0, 0, 0, 0,
    2, 0, 0, 0, 0, 0, 8, 0,
    0, 0, 0, 0, 0, 2, 17, 0,
    9, -7, 0, 8, 0, -21, -23, 2,
    17, 7, 5, -15, 2, 15, 0, 14,
    4, 10, -6, 0, 23, 5, -2, 0,
    -6, 0, -8, 8, 0, 8, 0, 13,
    0, -12, 0, -12, 0, 0, 0, 0,
    -8, 5, 8, 0, 0, -4, 0, -2,
    4, 0, -4, 0, -4, -2, -8, 0,
    0, -4, 0, -8, -1, 0, 0, 0,
    0, 0, -6, 0, 0, 0, -4, 0,
    -9, 0, -48, 0, -8, -19, 8, 12,
    0, 0, -8, 4, 4, 12, 8, -5,
    8, 0, 0, -21, 0, 0, -13, 0,
    0, 0, 10, 0, 0, 0, 0, -9,
    0, 0, 0, 0, -5, -15, 0, -15,
    -2, 0, -12, 0, -2, 12, 0, -12,
    -5, -2, 2, 0, -5, 0, 0, -3,
    -25, 0, 0, -31, -5, 8, -4, 0,
    0, 0, 0, 0, -19, 0, -22, 0,
    -2, 0, 0, 0, 0, 0, 0, 0,
    0, 0, 14, 0, 4, 0, 0, -8,
    0, 0, 0, 0, 0, 0, 0, 0,
    17, 5, 2, 0, 0, 0, 0, 10,
    0, 0, 0, 0, 0, 0, 3, 8,
    4, 12, -4, 0, 8, -4, -14, -51,
    2, 9, 8, -1, -5, 0, 9, 0,
    10, 0, 10, 0, 0, 0, 2, -4,
    0, -5, 0, 2, 0, 0, 12, 0,
    13, 6, -30, 0, 0, -5, -13, 0,
    0, -4, 2, -3, 0, 2, -8, -6,
    -8, 2, 0, -4, 0, 0, 0, -15,
    2, 0, -25, 0, 0, 0, 4, 0,
    2, -10, 4, 0, 0, -32, -4, 0,
    2, -21, 4, -25, 0, 0, -14, -3,
    0, 35, -5, -6, 4, 4, 0, 0,
    -6, 4, 0, 0, -22, -8, 0, -36,
    0, 4, 2, -3, 0, -4, -12, 0,
    -25, 0, -55, 2, 4, 0, 23, -8,
    0, -13, 14, 0, -27, -36, -28, -8,
    12, 0, 0, -25, 0, 3, -10, 0,
    -6, 0, -8, 0, 5, 12, -45, -25,
    -25, -4, 0, 15, -8, 17, -25, 0,
    -15, -29, 0, 2, 0, 0, 0, 0,
    2, 2, -5, -8, 0, -2, -2, -4,
    0, 0, -2, 0, 0, 0, -8, 0,
    0, -8, 0, -8, 0, 0, 0, 0,
    -5, 0, 0, 0, 0, 0, -12, 0,
    0, 0, 4, -2, 0, 0, -2, 4,
    4, 0, 0, 0, 0, -4, 0, 0,
    0, 0, 0, 0, 0, 0, -2, 0,
    12, 0, -4, 0, 0, 0, 0, 0,
    0, 0, 0, 0, 0, -4, 0, -4,
    0, 0, 0, 0, 0, 0, 0, 0,
    -2, -2, 0, -4, -3, 0, 0, 0,
    0, 0, 0, 0, 0, 0, 0, 0,
    0, 0, 0, 0, -6, 0, 0, 0,
    0, 0, -12, -2, -12, 8, 0, -8,
    4, 8, 9, 0, -10, 0, -3, 0,
    0, -16, 4, -2, 3, -22, 4, 0,
    -19, 0, 8, 0, 6, 4, 4, -4,
    10, -12, 0, -9, 0, 4, 0, 0,
    0, -4, 0, 0, -4, 0, 0, 0,
    0, 0, -2, -2, 0, -2, -5, 0,
    0, 0, 0, 0, 0, -4, 0, 0,
    0, 0, 0, 0, 0, 0, -3, 0,
    0, 0, 0, 0, -2, 0, -8, 4,
    0, -3, 2, 4, 4, 0, 0, 0,
    0, 0, 0, -2, 0, 0, 0, 0,
    0, 0, 0, 0, 0, 0, 3, 0,
    4, 0, 8, -6, 0, 0, 0, 0,
    0, 12, -2, 2, -10, 0, 9, -19,
    -19, -15, -8, 4, 0, -3, -25, -7,
    0, -7, 0, -8, 6, -7, 0, 4,
    3, -12, -9, -19, -5, -8, 6, -4,
    4, -8, 9, -5, -22, 0, 0, 0,
    -4, 0, 0, 2, 0, 4, 0, 0,
    0, 0, 0, 0, 0, 0, 0, 0,
    0, -4, 0, 0, -12, 0, 0, 0,
    0, 0, 0, -4, 4, 0, 0, 0,
    0, -8, 0, 4, 0, 0, 0, 0,
    0, 0, 0, 20, 0, 0, 0, 0,
    0, 0, 2, 0, 0, 0, -4, 0,
    0, -8, 0, 4, 0, 0, 0, 0,
    -15, 0, 0, 0, 0, 0, 0, -2,
    0, 0, 0, -4, 0, 3, 0, -19,
    -12, 0, 0, 0, -6, -19, 0, 0,
    -4, 4, 0, -11, -2, -3, 0, 0,
    -6, -2, -4, 0, 0, -6, 0, 4,
    0, 0, 4, -39, 0, -6, 0, 0,
    0, 3, 0, 2, -8, -8, 0, -4,
    -4, -5, 0, 0, 0, 0, 0, 0,
    -12, 0, 0, -8, 5, -12, 0, 0,
    0, 0, 0, 0, 4, 0, 0, 0,
    -8, 2, 5, 0, 0, 0, 5, 2,
    -2, 0, 17, 0, 9, 2, 2, -6,
    0, 8, 0, 0, 0, 5, 0, 0,
    12, 0, 13, 2, 0, 0, 0, 10,
    0, 0, 0, 2, 0, 0, 0, -23,
    0, -4, 5, 12, -51, 0, 35, 3,
    -8, -8, 4, 4, -2, 2, -19, 0,
    0, 20, -23, -8, 0, -28, 17, 54,
    15, 0, 0, 0, 0, 12, -23, 0,
    -12, 2, 12, 0, -2, 8, -9, 0,
    2, -4, 0, 4, 46, -8, -3, 10,
    9, -9, 4, 0, 0, 4, 4, -7,
    -12, 0, -50, 13, 0, 8, -9, 5,
    -2, -4, 9, 0, 0, -20, 4, 0,
    0, 0, 0, 0, 0, 0, 0, 0,
    2, 15, 0, -8, 0, 0, 0, 0,
    0, 0, 0, 0, -2, 0, 0, -21,
    2, 8, 0, 0, 0, 0, -8, 0,
    0, 0, 0, 0, 0, 0, 0, 0,
    0, -7, -9, 6, -8, 8, 0, -2,
    -8, -2, -5, -4, 0, -3, -2, -2,
    3, -8, -2, -2, -17, -2, 0, 0,
    -3, 0, 0, 0, -2, 7, 0, 0,
    0, -2, 0, 0, -4, 0, -12, 0,
    5, -12, -2, 5, -13, 5, -4, -4,
    -10, -6, 2, -12, -8, -12, 0, -5,
    0, 5, 2, 5, -10, -12, 0, 0,
    0, -4, 0, -8, 3, -6, -7, 0,
    0, 0, 0, 0, 0, 2, 2, -4,
    0, 0, 0, -3, 0, 0, 0, -3,
    0, 0, 0, 0, 0, 0, 0, 0,
    -2, 0, 0, 0, 0, 0, 0, 0,
    0, 0, 0, -2, 8, 8, 0, 0,
    0, 10, 0, -10, -12, -12, -5, 12,
    0, 4, -4, 0, 9, -4, 0, -15,
    0, 0, 0, 19, 10, -4, -8, 0,
    0, 0, 0, 0, 0, 0, 0, 0,
    -15, 0, 0, 0, 0, 0, 0, 0,
    8, 0, 7, 0, 0, 0, 0, 5,
    0, 2, 4, 0, 0, 0, 0, 0,
    0, 0, 2, 0, 2, 0, 0, 0,
    0, 0, 2, 0, 0, 0, 0, 0,
    0, 0, 0, 0, 6, -4, 2, 2,
    0, -2, 0, 0, 2, 2, 0, 0,
    0, 0, -4, 0, 0, -21, 0, 4,
    0, 0, 0, 0, 0, 0, 0, 0,
    0, 0, 2, 0, 8, 8, 10, 0,
    0, 12, 0, -25, -21, 0, 18, 12,
    7, -15, 2, 14, 0, 13, 0, 8,
    4, 0, 22, 0, 0, 0, -7, 0,
    0, 0, 0, 0, 0, 0, 0, -22,
    0, 0, -3, 0, 0, 0, 0, 0,
    0, 0, 0, -2, 0, 0, 0, 0,
    0, 0, 0, 0, 10, 0, 0, -25,
    0, 0, 0, 0, 0, 0, 0, 0,
    0, 0, 0, 0, 0, -2, -18, 0,
    -23, -5, 0, -33, -15, 2, 15, -20,
    -18, 0, 0, -18, 0, -18, -18, 0,
    -2, -52, -22, 0, -33, 5, 19, 0,
    -18, 5, -4, -19, 2, -24, -3, -35,
    -4, -5
};


/*Collect the kern class' data in one place*/
static const lv_font_fmt_txt_kern_classes_t kern_classes =
{
    .class_pair_values   = kern_class_values,
    .left_class_mapping  = kern_left_class_mapping,
    .right_class_mapping = kern_right_class_mapping,
    .left_class_cnt      = 34,
    .right_class_cnt     = 37,
};

/*--------------------
 *  ALL CUSTOM DATA
 *--------------------*/

#if LVGL_VERSION_MAJOR == 8
/*Store all the custom data of the font*/
static  lv_font_fmt_txt_glyph_cache_t cache;
#endif

#if LVGL_VERSION_MAJOR >= 8
static const lv_font_fmt_txt_dsc_t font_dsc = {
#else
static lv_font_fmt_txt_dsc_t font_dsc = {
#endif
    .glyph_bitmap = glyph_bitmap,
    .glyph_dsc = glyph_dsc,
    .cmaps = cmaps,
    .kern_dsc = &kern_classes,
    .kern_scale = 16,
    .cmap_num = 4,
    .bpp = 4,
    .kern_classes = 1,
    .bitmap_format = 0,
#if LVGL_VERSION_MAJOR == 8
    .cache = &cache
#endif
};

extern const lv_font_t lv_font_montserrat_24;


/*-----------------
 *  PUBLIC FONT
 *----------------*/

/*Initialize a public general font descriptor*/
#if LVGL_VERSION_MAJOR >= 8
const lv_font_t font_b24 = {
#else
lv_font_t font_b24 = {
#endif
    .get_glyph_dsc = lv_font_get_glyph_dsc_fmt_txt,    /*Function pointer to get glyph's data*/
    .get_glyph_bitmap = lv_font_get_bitmap_fmt_txt,    /*Function pointer to get glyph's bitmap*/
    .line_height = 30,          /*The maximum line height required by the font*/
    .base_line = 6,             /*Baseline measured from the bottom of the line*/
#if !(LVGL_VERSION_MAJOR == 6 && LVGL_VERSION_MINOR == 0)
    .subpx = LV_FONT_SUBPX_NONE,
#endif
#if LV_VERSION_CHECK(7, 4, 0) || LVGL_VERSION_MAJOR >= 8
    .underline_position = -2,
    .underline_thickness = 1,
#endif
    .dsc = &font_dsc,          /*The custom font data. Will be accessed by `get_glyph_bitmap/dsc` */
#if LV_VERSION_CHECK(8, 2, 0) || LVGL_VERSION_MAJOR >= 9
    .fallback = &lv_font_montserrat_24,
#endif
    .user_data = NULL,
};



#endif /*#if FONT_B24*/

